img_id,file_name,hour,minute,bbox_det
0,3 Women 10.42 p.m.png,10,42,"[1015.8, 277.41, 66.68, 67.94]"
1,3.10 to Yuma (1957) 2.28 p.m.png,2,28,"[388.94, 5.13, 1067.46, 1013.73]"
2,3.10 to Yuma (1957) 11.00 a.m.png,11,0,"[614.14, 214.69, 670.01, 655.6]"
3,3.10 to Yuma (1957) 11.07 a.m.png,11,7,"[720.37, 384.98, 512.07, 523.26]"
4,3.10 to Yuma (2007) 1.04 p.m.png,1,4,"[672.69, 258.02, 420.27, 337.11]"
5,3.10 to Yuma (2007) 1.30 p.m.png,1,30,"[772.42, 213.3, 294.2, 253.38]"
6,3.10 to Yuma (2007) 2.14 p.m.png,2,14,"[1099.24, 281.39, 465.44, 437.02]"
7,3.10 to Yuma (2007) 2.40 p.m. 2.png,2,40,"[991.95, 229.84, 419.35, 417.18]"
8,3.10 to Yuma (2007) 10.25 a.m.png,10,25,"[704.92, 327.08, 350.93, 251.83]"
9,8½ 1.30 p.m.png,1,30,"[1160.55, 152.65, 102.26, 103.98]"
10,8½ 2.00 a.m. 1.png,2,0,"[737.82, 23.81, 166.99, 175.68]"
11,8½ 2.00 a.m. 2.png,2,0,"[759.04, 15.67, 421.99, 397.69]"
12,11.14 10.59 p.m.png,10,59,"[462.3, 0.07, 1111.43, 1065.64]"
13,12 Monkeys 8.49 p.m.png,8,49,"[861.85, 80.14, 226.75, 231.65]"
14,16 Blocks 7.56 a.m.png,7,56,"[896.21, 106.32, 676.56, 663.87]"
15,16 Blocks 9.54 a.m.png,9,54,"[521.65, 124.22, 178.69, 283.48]"
16,"24 ""Day 1 7.00pm-8.00pm"" 7.11 p.m.png",7,11,"[707.56, 164.66, 658.26, 596.81]"
17,49th Parallel 9.19 p.m.png,9,19,"[1033.43, 71.11, 133.9, 141.64]"
18,88 Minutes 10.58 p.m.png,10,58,"[724.75, 42.72, 561.92, 707.52]"
19,88 Minutes 11.17 a.m.png,11,17,"[563.37, 5.39, 929.35, 799.78]"
20,101 Dalmatians 7.04 a.m.png,7,4,"[440.11, 225.94, 724.2, 700.85]"
21,102 Dalmatians 10.00 a.m.png,10,0,"[942.5, 266.68, 105.2, 109.5]"
22,102 Dalmatians 11.05 a.m.png,11,5,"[336.15, 506.67, 238.02, 262.32]"
23,102 Dalmatians 11.45 a.m.png,11,45,"[846.25, 399.01, 257.67, 263.45]"
24,1408 4.55 p.m.png,4,55,"[835.56, 131.44, 80.85, 83.22]"
25,1408 4.56 p.m.png,4,56,"[890.37, 365.62, 267.3, 241.21]"
26,A Beautiful Mind 5.37 p.m.png,5,37,"[1005.04, 37.26, 111.75, 120.53]"
27,A Hard Day's Night 7.35 p.m.png,7,35,"[776.39, 76.65, 219.5, 218.98]"
28,A Lesson in Love 9.38 p.m.png,9,38,"[885.96, 53.26, 216.71, 338.51]"
29,A Night to Remember 1.53 a.m.png,1,53,"[1019.38, 220.26, 67.08, 109.64]"
30,A Night to Remember 10.49 p.m.png,10,49,"[624.89, 76.73, 95.9, 110.88]"
31,A Nightmare on Elm Street 3 Dream Warriors 1.21 a.m.png,1,21,"[714.74, 147.72, 976.05, 862.56]"
32,A Nightmare on Elm Street 4 The Dream Master 10.14 p.m.png,10,14,"[475.78, 147.12, 691.94, 684.37]"
33,A Nightmare on Elm Street 4 The Dream Master 10.18 p.m.png,10,18,"[1044.71, 334.37, 378.96, 304.07]"
34,A Nightmare on Elm Street 4 The Dream Master 10.23 p.m.png,10,23,"[196.46, 53.64, 918.26, 946.26]"
35,A Nightmare on Elm Street 4 The Dream Master 10.26 p.m.png,10,26,"[531.51, 178.8, 508.08, 520.18]"
36,A Nightmare on Elm Street 11.49 p.m.png,11,49,"[351.89, 62.43, 663.05, 934.58]"
37,A Nightmare on Elm Street 12.44 a.m.png,12,44,"[1152.73, 442.35, 75.35, 93.0]"
38,A Ravishing Idiot 1.58 p.m.png,1,58,"[543.95, 228.69, 625.08, 570.49]"
39,A Serious Man 5.10 a.m.png,5,10,"[871.78, 227.71, 162.59, 167.79]"
40,A Short Film About Love 2.21 a.m.png,2,21,"[697.55, 318.12, 206.87, 191.79]"
41,A Short Film About Love 8.38 p.m.png,8,38,"[934.33, 357.88, 650.67, 652.46]"
42,A Short Film About Love 9.08 p.m.png,9,8,"[571.4, 216.79, 205.39, 190.02]"
43,A Shot in the Dark 3.00 a.m.png,3,0,"[825.34, 407.77, 176.31, 222.34]"
44,A Shot in the Dark 7.53 p.m. 1.png,7,53,"[742.92, 124.11, 573.35, 582.97]"
45,A Single Man 2.53 a.m.png,2,53,"[790.87, 26.09, 654.23, 661.06]"
46,A Single Man 7.22 a.m.png,7,22,"[891.69, 11.16, 591.26, 649.7]"
47,A Single Man 8.04 a.m.png,8,4,"[779.15, 74.14, 674.95, 423.24]"
48,A Single Man 10.29 a.m.png,10,29,"[526.38, 4.38, 82.26, 171.15]"
49,A Single Man 10.36 a.m.png,10,36,"[923.92, 46.1, 46.58, 47.79]"
50,A Touch of Magic 3.12 a.m.png,3,12,"[357.37, 34.95, 527.73, 610.38]"
51,About Schmidt 4.59 p.m.png,4,59,"[580.06, 188.6, 702.0, 693.12]"
52,About Schmidt 5.00 p.m.png,5,0,"[1624.58, 97.24, 125.87, 122.13]"
53,About Schmidt 9.53 a.m.png,9,53,"[1150.24, 430.59, 300.77, 290.85]"
54,Ace in the Hole 10.28 p.m.png,10,28,"[1012.77, 433.18, 90.33, 94.56]"
55,Adam's Rib 7.40 p.m.png,7,40,"[1308.41, 283.48, 89.81, 110.38]"
56,Adam's Rib 10.35 p.m.png,10,35,"[1191.81, 91.13, 137.62, 170.37]"
57,Addams Family Values 5.30 p.m. 1.png,5,30,"[869.88, 468.31, 274.91, 288.2]"
58,Addams Family Values 5.30 p.m. 2.png,5,30,"[750.77, 395.65, 312.04, 323.47]"
59,Adventures in Babysitting 10.39 p.m.png,10,39,"[573.29, 81.67, 755.01, 759.89]"
60,Adventures in Babysitting 11.42 p.m.png,11,42,"[598.16, 133.17, 660.21, 658.78]"
61,After Hours 1.40 a.m.png,1,40,"[419.91, 4.83, 1076.6, 927.18]"
62,After Hours 2.14 a.m.png,2,14,"[834.56, 348.72, 351.41, 252.68]"
63,After Hours 4.10 a.m.png,4,10,"[652.48, 62.51, 159.85, 160.35]"
64,Age of Consent 8.10 p.m. 2.png,8,10,"[850.71, 385.95, 255.03, 256.98]"
65,Alfie Darling 4.55 p.m.png,4,55,"[1538.08, 88.13, 89.4, 86.88]"
66,American Madness 12.09 p.m.png,12,9,"[90.36, 116.68, 910.76, 904.91]"
67,American Splendor 5.55 a.m.png,5,55,"[186.81, 584.71, 141.58, 152.09]"
68,Amélie 4.00 a.m.png,4,0,"[927.7, 42.43, 717.78, 719.68]"
69,Amélie 4.10 p.m.png,4,10,"[736.28, 102.04, 594.6, 685.1]"
70,Amélie 5.00 p.m.png,5,0,"[798.91, 331.63, 261.12, 221.74]"
71,Amélie 7.52 a.m.png,7,52,"[1361.47, 381.6, 392.2, 354.12]"
72,Amélie 7.54 a.m.png,7,54,"[724.66, 109.62, 107.63, 125.87]"
73,Amélie 7.56 a.m.png,7,56,"[702.09, 179.83, 592.09, 599.95]"
74,Amélie 11.37 a.m.png,11,37,"[707.32, 132.31, 487.41, 351.89]"
75,Amélie 11.40 a.m.png,11,40,"[298.62, 1.72, 1143.14, 806.7]"
76,Amityville It's About Time 2.57 a.m.png,2,57,"[457.88, 25.82, 1209.08, 1002.41]"
77,Amityville It's About Time 3.00 a.m.png,3,0,"[451.14, 32.38, 1208.66, 995.4]"
78,Amityville It's About Time 5.47 p.m.png,5,47,"[844.48, 134.12, 408.49, 480.21]"
79,Amityville It's About Time 11.40 p.m.png,11,40,"[298.78, 2.58, 1448.91, 1023.82]"
80,Angel Heart 6.51 p.m.png,6,51,"[1561.62, 559.09, 312.64, 464.69]"
81,Angel Heart 10.31 p.m.png,10,31,"[1205.08, 217.85, 78.15, 140.66]"
82,Angels & Demons 8.59 p.m.png,8,59,"[873.23, 238.16, 210.35, 201.31]"
83,Angels & Demons 9.01 p.m.png,9,1,"[1310.94, 349.21, 363.85, 410.22]"
84,Animal House 5.37 p.m.png,5,37,"[640.82, 345.58, 402.28, 421.34]"
85,Animal House 11.00 a.m. 1.png,11,0,"[681.99, 277.67, 366.49, 364.07]"
86,Animal House 11.00 a.m. 2.png,11,0,"[705.37, 318.04, 530.14, 509.24]"
87,Animal House 11.00 a.m. 3.png,11,0,"[835.65, 310.86, 390.47, 365.92]"
88,Another 48 Hrs. 4.42 p.m.png,4,42,"[653.42, 121.06, 508.64, 461.55]"
89,Another Woman 5.10 p.m.png,5,10,"[399.16, 405.49, 393.7, 360.92]"
90,Any Number Can Win 1.48 a.m.png,1,48,"[822.99, 56.45, 71.22, 78.27]"
91,Any Number Can Win 9.32 p.m.png,9,32,"[521.4, 193.48, 217.44, 262.7]"
92,Any Number Can Win 11.17 p.m.png,11,17,"[118.88, 81.53, 218.72, 236.48]"
93,Any Number Can Win 11.30 p.m.png,11,30,"[582.61, 204.34, 123.35, 114.89]"
94,Any Number Can Win 12.42 a.m. 2.png,12,42,"[185.03, 77.98, 229.93, 242.9]"
95,Army of Shadows 5.30 p.m.png,5,30,"[763.67, 518.96, 156.37, 159.74]"
96,Army of Shadows 6.06 p.m.png,6,6,"[680.6, 364.07, 143.66, 156.93]"
97,Army of Shadows 7.28 p.m.png,7,28,"[975.36, 314.35, 190.22, 195.59]"
98,Around the World in 80 Days 2.30 p.m.png,2,30,"[789.96, 58.59, 123.55, 127.98]"
99,Around the World in 80 Days 8.43 p.m.png,8,43,"[685.74, 51.14, 525.47, 805.46]"
100,Around the World in 80 Days 8.44 a.m.png,8,44,"[871.2, 97.59, 153.65, 153.48]"
101,Around the World in 80 Days 8.45 a.m.png,8,45,"[1342.78, 26.55, 147.38, 174.53]"
102,Around the World in 80 Days 11.14 a.m.png,11,14,"[1.31, 95.12, 44.11, 62.35]"
103,Around the World in 80 Days 12.01 p.m.png,12,1,"[1069.34, 29.34, 239.36, 244.63]"
104,As It Is in Heaven 4.30 p.m.png,4,30,"[1005.72, 133.89, 73.17, 94.1]"
105,Atlantic City 10.07 a.m.png,10,7,"[765.23, 420.81, 207.43, 199.67]"
106,Awakenings 3.40 a.m.png,3,40,"[834.17, 107.95, 342.63, 362.51]"
107,Babe 8.41 a.m.png,8,41,"[994.18, 30.85, 922.27, 999.02]"
108,Back to the Future 9.59 p.m.png,9,59,"[407.02, 6.94, 1113.02, 1016.81]"
109,Back to the Future 10.03 p.m.png,10,3,"[1320.22, 267.65, 102.1, 102.62]"
110,Back to the Future Part II 10.04 a.m.png,10,4,"[983.17, 127.82, 101.12, 98.92]"
111,Back to the Future Part III 7.00 a.m.png,7,0,"[869.37, 375.65, 236.12, 242.64]"
112,Back to the Future Part III 7.49 a.m.png,7,49,"[1145.54, 305.58, 226.56, 255.21]"
113,Back to the Future Part III 7.56 a.m.png,7,56,"[1406.05, 280.62, 253.54, 308.81]"
114,Back to the Future Part III 8.08 p.m.png,8,8,"[462.8, 27.38, 967.85, 996.75]"
115,Back to the Future Part III 9.21 a.m.png,9,21,"[339.57, 397.94, 134.44, 196.04]"
116,Barton Fink 7.59 a.m.png,7,59,"[546.04, 201.39, 642.39, 613.14]"
117,Barton Fink 12.31 a.m.png,12,31,"[555.81, 220.3, 504.06, 477.27]"
118,Basic 2.55 a.m. 1.png,2,55,"[417.69, 27.46, 241.69, 244.34]"
119,Batman 3.12 a.m.png,3,12,"[1115.23, 361.73, 171.52, 195.8]"
120,Beauty and the Beast 7.00 p.m.png,7,0,"[619.85, 103.94, 326.56, 353.38]"
121,Bed and Board 1.11 a.m.png,1,11,"[1427.26, 545.4, 102.27, 105.45]"
122,Bed and Board 10.28 p.m.png,10,28,"[558.36, 222.9, 736.08, 672.26]"
123,Bed and Board 10.35 p.m.png,10,35,"[573.77, 143.36, 646.61, 752.52]"
124,Bed and Board 11.04 p.m.png,11,4,"[318.32, 714.19, 150.92, 149.61]"
125,Bed and Board 11.34 p.m.png,11,34,"[555.79, 215.42, 732.54, 679.33]"
126,Bed and Board 11.53 p.m.png,11,53,"[554.21, 220.2, 731.22, 665.24]"
127,Beetlejuice 6.00 p.m.png,6,0,"[720.2, 529.05, 429.09, 500.49]"
128,Before the Devil Knows You're Dead 9.12 a.m.png,9,12,"[968.07, 61.24, 104.76, 156.01]"
129,Being There 6.49 p.m.png,6,49,"[157.15, 0.11, 114.65, 156.88]"
130,Being There 12.50 p.m.png,12,50,"[1731.95, 47.87, 76.9, 114.88]"
131,Beverly Hills Cop II 4.38 p.m.png,4,38,"[927.57, 292.03, 321.96, 303.84]"
132,Beverly Hills Cop II 10.30 a.m.png,10,30,"[1028.73, 246.98, 304.3, 400.02]"
133,Beyond the Sea 6.49 p.m.png,6,49,"[738.75, 341.56, 283.32, 276.31]"
134,Beyond the Sea 7.02 p.m.png,7,2,"[796.62, 251.5, 413.35, 401.96]"
135,Beyond the Sea 7.58 p.m.png,7,58,"[809.61, 305.61, 339.91, 323.51]"
136,Beyond the Sea 10.11 p.m.png,10,11,"[825.6, 507.04, 149.32, 96.45]"
137,Big Daddy 10.41 a.m.png,10,41,"[512.04, 162.44, 381.11, 400.19]"
138,Big Fish 12.03 p.m.png,12,3,"[627.65, 296.11, 377.79, 389.72]"
139,Bigger Than Life 3.22 p.m.png,3,22,"[593.05, 418.27, 172.02, 135.7]"
140,Black Narcissus 5.58 a.m.png,5,58,"[168.42, 3.26, 1014.2, 989.47]"
141,Black Narcissus 6.01 p.m.png,6,1,"[80.87, 133.32, 1025.21, 935.48]"
142,Blackboard Jungle 3.25 p.m.png,3,25,"[1567.14, 36.78, 270.0, 331.61]"
143,Blow Out 5.01 p.m.png,5,1,"[465.21, 243.72, 223.06, 273.26]"
144,Bob le Flambeur 4.57 a.m. 1.png,4,57,"[616.63, 327.44, 235.69, 229.41]"
145,Bob le Flambeur 4.57 a.m. 2.png,4,57,"[410.85, 387.39, 274.89, 330.64]"
146,Bob le Flambeur 4.59 a.m.png,4,59,"[122.21, 795.68, 192.88, 233.29]"
147,Body Double 4.05 a.m.png,4,5,"[886.17, 541.7, 211.07, 219.46]"
148,Body Double 10.02 a.m.png,10,2,"[654.06, 359.29, 79.63, 96.61]"
149,Body Heat 2.05 a.m.png,2,5,"[1379.0, 467.21, 408.24, 249.7]"
150,Branded to Kill 1.00 a.m.png,1,0,"[485.88, 8.77, 1060.77, 791.07]"
151,Branded to Kill 3.00 a.m.png,3,0,"[492.91, 13.64, 1065.97, 788.07]"
152,Branded to Kill 10.23 a.m.png,10,23,"[529.9, 4.33, 847.87, 803.87]"
153,Brewster's Millions 11.57 p.m.png,11,57,"[617.03, 146.82, 518.57, 566.48]"
154,Brick 12.46 p.m.png,12,46,"[531.33, 625.17, 196.77, 161.38]"
155,Brief Encounter 5.38 p.m.png,5,38,"[692.41, 399.03, 237.7, 373.12]"
156,Brief Encounter 5.41 p.m.png,5,41,"[653.6, 0.53, 219.04, 211.02]"
157,Brief Encounter 9.54 p.m.png,9,54,"[156.06, 0.09, 551.01, 500.5]"
158,Brief Encounter 11.15 a.m.png,11,15,"[797.7, 459.81, 241.05, 260.88]"
159,Bringing Out the Dead 9.00 a.m.png,9,0,"[1617.94, 232.32, 177.02, 119.28]"
160,Bruce Almighty 8.30 a.m. 2.png,8,30,"[1105.63, 40.03, 84.52, 92.9]"
161,Brute Force 6.05 a.m.png,6,5,"[661.49, 227.77, 131.99, 131.75]"
162,Brute Force 10.27 a.m. 1.png,10,27,"[297.46, 134.53, 769.37, 751.21]"
163,Brute Force 10.27 a.m. 2.png,10,27,"[302.38, 135.26, 767.21, 749.3]"
164,Brute Force 10.29 a.m.png,10,29,"[314.38, 135.94, 768.26, 747.71]"
165,Bubble 11.18 a.m.png,11,18,"[963.83, 234.35, 219.06, 192.73]"
166,Buffalo '66 11.08 p.m.png,11,8,"[779.85, 245.68, 280.61, 280.68]"
167,Bullitt 6.51 p.m.png,6,51,"[294.36, 279.85, 123.13, 117.72]"
168,Bullitt 6.56 p.m.png,6,56,"[1138.83, 7.57, 284.88, 270.49]"
169,Bunny and the Bull 4.00 p.m. 1.png,4,0,"[1123.91, 371.66, 286.46, 300.01]"
170,Bunny and the Bull 6.48 a.m.png,6,48,"[485.83, 2.86, 795.83, 803.21]"
171,Burn After Reading 4.53 p.m.png,4,53,"[900.11, 131.76, 579.27, 771.79]"
172,Camille 12.10 a.m.png,12,10,"[918.56, 629.49, 121.06, 135.2]"
173,Capote 11.37 p.m.png,11,37,"[1629.33, 56.76, 127.58, 162.79]"
174,"Captain Scarlet and the Mysterons ""Big Ben Strikes Again"" 11.56 p.m.png",11,56,"[159.05, 125.16, 147.42, 146.51]"
175,Carlito's Way 11.12 p.m.png,11,12,"[1180.6, 220.85, 469.01, 460.34]"
176,Carlito's Way 11.22 p.m.png,11,22,"[481.39, 182.61, 431.1, 394.98]"
177,Casablanca 4.56 p.m. 1.png,4,56,"[138.64, 16.67, 325.68, 320.35]"
178,Casino Royale (2006) 7.35 a.m.png,7,35,"[1519.5, 225.65, 45.0, 45.46]"
179,Cat People (1982) 6.30 p.m.png,6,30,"[1165.17, 50.37, 126.85, 137.12]"
180,Cat People (1982) 12.11. a.m.png,2,11,"[792.11, 550.96, 173.35, 191.26]"
181,Catch Me If You Can 10.10 a.m.png,10,10,"[544.86, 66.59, 859.11, 842.78]"
182,Changeling 4.20 p.m.png,4,20,"[324.35, 47.45, 299.6, 301.37]"
183,Changeling 4.38 p.m.png,4,38,"[590.29, 299.98, 232.82, 291.54]"
184,Chaos 1.43 a.m.png,1,43,"[805.31, 47.06, 554.67, 736.56]"
185,Chaos 11.14 a.m.png,11,14,"[459.85, 208.26, 439.82, 438.95]"
186,Charulata 4.08 p.m.png,4,8,"[1015.07, 43.41, 278.84, 355.97]"
187,Chinatown 9.45 a.m.png,9,45,"[938.03, 143.77, 409.38, 295.42]"
188,Chisum 8.51 p.m.png,8,51,"[1095.57, 66.43, 646.26, 711.84]"
189,"Clean, Shaven 5.00 p.m.png",5,0,"[209.91, 22.12, 766.72, 684.38]"
190,Cléo from 5 to 7 3.35 p.m.png,3,35,"[891.61, 682.03, 323.68, 323.71]"
191,Cléo from 5 to 7 5.50 p.m.png,5,50,"[1214.12, 131.31, 165.81, 306.06]"
192,Clockwise 8.51 a.m. 2.png,8,51,"[864.34, 578.59, 178.13, 180.48]"
193,Closely Watched Trains 8.05 a.m.png,8,5,"[399.76, 323.29, 588.23, 617.87]"
194,Closely Watched Trains 11.02 a.m.png,11,2,"[550.63, 824.16, 206.71, 197.83]"
195,Closely Watched Trains 12.00 a.m.png,12,0,"[484.19, 30.68, 565.86, 631.87]"
196,Cloverfield 3.18 a.m.png,3,18,"[413.09, 588.13, 195.58, 198.97]"
197,Cloverfield 11.37 p.m.png,11,37,"[1556.69, 72.13, 242.46, 248.89]"
198,"Columbo ""A Friend in Deed"" 9.04 p.m.png",9,4,"[53.58, 132.54, 373.11, 655.11]"
199,"Columbo ""Candidate for Crime"" 3.01 p.m.png",3,1,"[528.21, 268.9, 531.88, 544.26]"
200,"Columbo ""Candidate for Crime"" 9.20 p.m.png",9,20,"[438.29, 323.65, 510.18, 542.46]"
201,"Columbo ""Candidate for Crime"" 9.22 p.m.png",9,22,"[512.89, 207.79, 450.17, 647.16]"
202,"Columbo ""Lovely But Lethal"" 2.55 p.m.png",2,55,"[549.0, 6.36, 565.15, 839.92]"
203,"Columbo ""Lovely But Lethal"" 3.12 p.m.png",3,12,"[647.52, 428.26, 184.16, 227.15]"
204,"Columbo ""Lovely But Lethal"" 3.13 p.m.png",3,13,"[615.67, 502.88, 231.22, 214.35]"
205,"Columbo ""Short Fuse"" 2.17 p.m.png",2,17,"[761.76, 403.09, 98.0, 88.72]"
206,"Columbo ""Short Fuse"" 5.10 a.m.png",5,10,"[744.17, 547.35, 111.55, 127.46]"
207,"Columbo ""The Most Crucial Game"" 2.00 p.m.png",2,0,"[442.86, 434.81, 505.63, 553.2]"
208,"Columbo ""The Most Crucial Game"" 2.30 p.m.png",2,30,"[486.74, 504.13, 166.5, 168.35]"
209,Confidentially Yours 11.38 p.m.png,11,38,"[779.73, 195.98, 607.22, 657.87]"
210,Constantine 5.18 a.m.png,5,18,"[592.23, 18.92, 844.62, 736.55]"
211,Control 12.32 a.m.png,12,32,"[92.01, 161.59, 377.4, 326.87]"
212,Cover Girl 3.07 a.m.png,3,7,"[587.75, 417.2, 319.36, 295.95]"
213,Creepshow 10.25 p.m.png,10,25,"[798.74, 479.07, 306.59, 319.68]"
214,Creepshow 11.08 p.m.png,11,8,"[761.75, 426.35, 299.0, 270.73]"
215,Cries and Whispers 4.52 p.m.png,4,52,"[567.89, 65.57, 895.66, 866.9]"
216,Crime Wave 12.02 p.m. 1.png,12,2,"[178.03, 39.33, 1039.62, 1029.77]"
217,Crime Wave 12.02 p.m. 2.png,12,2,"[359.15, 66.98, 788.23, 999.13]"
218,Crime Wave 12.02 p.m. 3.png,12,2,"[315.95, 169.12, 784.3, 791.11]"
219,Crime Wave 12.03 p.m. 1.png,12,3,"[253.37, 82.55, 996.04, 869.45]"
220,Crime Wave 12.03 p.m. 2.png,12,3,"[640.5, 179.47, 146.81, 150.62]"
221,Crime Wave 12.04 p.m. 1.png,12,4,"[178.31, 41.66, 1035.91, 1027.74]"
222,Crime Wave 12.04 p.m. 2.png,12,4,"[655.24, 178.74, 146.79, 151.76]"
223,Crime Wave 12.04 p.m. 3.png,12,4,"[346.06, 160.22, 797.66, 794.04]"
224,Crime and Punishment (1983) 4.00 p.m.png,4,0,"[609.65, 53.37, 675.03, 601.09]"
225,Crime and Punishment (1983) 5.14 p.m.png,5,14,"[562.01, 229.09, 583.41, 719.45]"
226,Cruising 5.04 a.m.png,5,4,"[759.05, 103.98, 371.36, 338.21]"
227,Daddy Day Camp 8.46 a.m.png,8,46,"[901.06, 56.54, 861.48, 886.19]"
228,Danger Diabolik 10.25 a.m.png,10,25,"[1236.41, 77.0, 174.88, 178.89]"
229,Danger Diabolik 10.27 a.m.png,10,27,"[242.89, 76.52, 213.12, 214.75]"
230,Danger Diabolik 10.31 a.m.png,10,31,"[1162.14, 742.75, 202.88, 203.83]"
231,Danger Diabolik 10.34 a.m.png,10,34,"[447.68, 3.68, 1020.95, 1000.82]"
232,Dark City 6.35 a.m.png,6,35,"[876.22, 80.81, 164.38, 157.41]"
233,Dark City 12.00 a.m. 1.png,12,0,"[643.6, 179.63, 615.65, 597.45]"
234,Dark City 12.00 a.m. 2.png,12,0,"[588.11, 124.85, 740.21, 683.07]"
235,Dark City 12.00 a.m. 3.png,12,0,"[817.98, 208.47, 500.37, 545.8]"
236,Dark City 12.00 a.m. 4.png,12,0,"[703.45, 175.67, 631.51, 603.98]"
237,Dark City 12.00 a.m. 5.png,12,0,"[574.39, 128.99, 739.88, 740.3]"
238,Dark City 12.00 a.m. 8.png,12,0,"[474.78, 33.84, 933.06, 839.66]"
239,Dark City 12.00 a.m. 9.png,12,0,"[810.92, 259.7, 459.41, 470.3]"
240,Dawn of the Dead 8.49 p.m.png,8,49,"[419.75, 120.17, 744.04, 832.85]"
241,Days of Being Wild 2.59 p.m.png,2,59,"[393.18, 6.07, 901.21, 906.41]"
242,Days of Being Wild 7.19 a.m.png,7,19,"[438.49, 137.98, 420.62, 391.51]"
243,Dead Man Walking 4.10 p.m.png,4,10,"[869.99, 137.94, 336.23, 698.62]"
244,Dead Man Walking 6.33 p.m.png,6,33,"[667.21, 105.37, 337.18, 582.61]"
245,Dead Man Walking 8.29 p.m.png,8,29,"[549.75, 32.84, 1067.72, 994.32]"
246,Dead Man Walking 10.35 p.m.png,10,35,"[1156.32, 69.15, 180.68, 183.43]"
247,Death Becomes Her 3.57 a.m.png,3,57,"[618.02, 272.46, 294.03, 287.13]"
248,Death of a Bureaucrat 5.20 p.m.png,5,20,"[823.85, 441.59, 166.0, 168.18]"
249,Death of a Bureaucrat 5.29 p.m. 2.png,5,29,"[839.23, 463.06, 406.9, 343.44]"
250,Destination Tokyo 3.29 a.m. 1.png,3,29,"[454.57, 266.15, 608.01, 613.11]"
251,Destination Tokyo 3.29 a.m. 2.png,3,29,"[383.13, 306.46, 660.15, 595.43]"
252,Destination Tokyo 9.31 p.m.png,9,31,"[950.16, 369.16, 209.37, 210.19]"
253,Déjà Vu 8.05 a.m.png,8,5,"[586.47, 8.83, 372.76, 466.58]"
254,Déjà Vu 10.07 a.m.png,10,7,"[311.41, 6.99, 997.83, 777.16]"
255,Déjà Vu 10.44 a.m.png,10,44,"[488.64, 0.85, 864.57, 642.71]"
256,Déjà Vu 10.49 a.m.png,10,49,"[929.96, 134.82, 348.35, 340.56]"
257,Diabolique 10.10 a.m.png,10,10,"[540.35, 114.19, 531.4, 541.32]"
258,Diabolique 10.50 a.m.png,10,50,"[540.69, 114.53, 531.33, 540.67]"
259,Dial M for Murder 10.40 p.m.png,10,40,"[595.63, 14.55, 929.45, 865.59]"
260,Dial M for Murder 10.53 p.m.png,10,53,"[398.53, 190.98, 868.54, 765.45]"
261,Dial M for Murder 10.58 p.m. 1.png,10,58,"[185.37, 203.81, 155.83, 159.65]"
262,Dial M for Murder 10.58 p.m. 2.png,10,58,"[624.85, 243.59, 638.77, 592.57]"
263,Die Another Day 7.25 a.m.png,7,25,"[1113.84, 130.76, 524.15, 351.38]"
264,Die Hard 2 3.51 p.m. 1.png,3,51,"[1038.24, 283.52, 473.49, 422.05]"
265,Die Hard 2 3.51 p.m. 2.png,3,51,"[277.87, 235.69, 578.4, 353.79]"
266,Die Hard 2 6.17 p.m.png,6,17,"[25.36, 1.3, 1673.29, 798.2]"
267,Dirty Harry 2.06 a.m.png,2,6,"[955.59, 2.3, 211.98, 202.61]"
268,Dirty Pretty Things 2.02 a.m.png,2,2,"[221.0, 70.71, 841.81, 854.74]"
269,Dirty Pretty Things 2.59 a.m.png,2,59,"[193.18, 253.45, 628.32, 626.97]"
270,Dirty Pretty Things 4.46 a.m.png,4,46,"[278.43, 70.05, 641.62, 620.75]"
271,Dirty Pretty Things 4.59 a.m. 2.png,4,59,"[514.33, 43.84, 902.38, 923.18]"
272,Disclosure 8.19 a.m.png,8,19,"[686.2, 3.43, 888.62, 775.56]"
273,Distant 12.41 p.m.png,12,41,"[439.05, 304.66, 63.63, 65.07]"
274,Disturbia 10.10 p.m.png,10,10,"[428.22, 77.62, 165.42, 167.13]"
275,Do the Right Thing 8.00 a.m.png,8,0,"[203.04, 208.29, 788.52, 729.27]"
276,Doc Hollywood 8.10 a.m.png,8,10,"[1477.65, 454.31, 256.2, 209.5]"
277,Doc Hollywood 8.25 p.m.png,8,25,"[1288.32, 267.38, 213.53, 217.33]"
278,Doctor Detroit 8.41 a.m. 1.png,8,41,"[592.8, 219.04, 156.42, 157.52]"
279,Don't Say a Word 3.49 p.m.png,3,49,"[408.49, 84.05, 600.14, 544.11]"
280,Don't Say a Word 3.55 p.m.png,3,55,"[615.5, 53.95, 224.66, 303.27]"
281,Don't Say a Word 3.56 p.m. 2.png,3,56,"[658.23, 97.8, 338.92, 315.87]"
282,Don't Say a Word 4.58 p.m.png,4,58,"[415.85, 164.04, 429.78, 353.22]"
283,Don't Say a Word 5.01 p.m.png,5,1,"[1190.98, 274.71, 277.27, 285.37]"
284,Don't Say a Word 9.45 a.m.png,9,45,"[927.38, 162.55, 443.7, 585.13]"
285,Don't Say a Word 10.10 a.m.png,10,10,"[1251.46, 15.79, 512.09, 512.14]"
286,Don't Say a Word 10.33 a.m.png,10,33,"[468.19, 2.57, 883.29, 802.54]"
287,Doodlebug 8.40 a.m.png,8,40,"[420.92, 158.62, 514.1, 508.43]"
288,Downfall 10.18 p.m.png,10,18,"[704.29, 338.6, 522.91, 532.08]"
289,Dragonfly 2.27 a.m.png,2,27,"[808.52, 217.27, 322.19, 332.93]"
290,Drive Me Crazy 7.18 a.m.png,7,18,"[1342.55, 53.53, 165.72, 166.51]"
291,Drive Me Crazy 8.56 a.m.png,8,56,"[1084.4, 3.23, 453.15, 456.64]"
292,Drop Dead Fred 1.36 p.m.png,1,36,"[0.93, 3.65, 856.52, 1016.37]"
293,Drop Dead Fred 3.50 a.m. 1.png,3,50,"[816.36, 432.34, 294.34, 226.47]"
294,Drop Dead Fred 3.50 a.m. 2.png,3,50,"[467.93, 304.41, 461.15, 521.25]"
295,Duck Soup 10.01 a.m.png,10,1,"[332.2, 174.31, 494.17, 467.03]"
296,Duck Soup 12.46 p.m.png,12,46,"[1221.33, 644.89, 98.53, 113.25]"
297,Dumb and Dumber 2.15 a.m.png,2,15,"[531.13, 5.3, 1314.34, 1062.98]"
298,Duplicity 11.11 a.m.png,11,11,"[605.26, 88.2, 631.73, 609.96]"
299,Duplicity 12.14 p.m.png,12,14,"[257.02, 142.39, 335.85, 443.71]"
300,E.T. the Extra-Terrestrial 2.00 a.m.png,2,0,"[239.19, 415.46, 465.54, 515.16]"
301,"ER ""The Peace of Wild Things"" 12.41 a.m.png",12,41,"[582.21, 60.57, 799.15, 701.42]"
302,Each Dawn I Die 9.21 a.m.png,9,21,"[609.31, 167.61, 231.75, 303.28]"
303,Each Dawn I Die 9.52 a.m.png,9,52,"[477.84, 149.66, 513.09, 510.95]"
304,Each Dawn I Die 9.54 a.m.png,9,54,"[395.46, 150.93, 627.16, 622.44]"
305,Each Dawn I Die 9.56 a.m.png,9,56,"[394.73, 152.11, 624.41, 624.49]"
306,Each Dawn I Die 10.00 a.m.png,10,0,"[390.4, 106.1, 637.29, 643.51]"
307,Eagle vs Shark 11.57 p.m.png,11,57,"[515.63, 84.72, 896.07, 860.18]"
308,Eagle vs Shark 11.59 p.m.png,11,59,"[515.1, 83.57, 895.8, 859.8]"
309,Eagle vs Shark 12.01 p.m.png,12,1,"[515.95, 84.36, 894.08, 859.78]"
310,Earth Girls Are Easy 7.00 a.m.png,7,0,"[550.26, 303.29, 188.29, 290.94]"
311,East Is East 1.48 p.m.png,1,48,"[530.98, 594.85, 344.32, 368.42]"
312,East Is East 11.31 a.m.png,11,31,"[685.2, 533.7, 253.89, 219.72]"
313,Election 2.08 p.m. 2.png,2,8,"[1046.58, 82.69, 394.73, 376.28]"
314,Electric Dreams 8.58 a.m.png,8,58,"[709.39, 290.94, 484.31, 488.29]"
315,Elevator to the Gallows 8.29 p.m.png,8,29,"[379.15, 703.96, 132.58, 110.05]"
316,Empire of the Sun 5.34 p.m.png,5,34,"[1152.41, 286.25, 144.77, 154.34]"
317,Employee of the Month 7.55 a.m.png,7,55,"[261.71, 18.31, 1281.64, 900.81]"
318,Enigma 7.35 a.m.png,7,35,"[931.69, 323.61, 48.03, 54.35]"
319,Entrapment 12.00 a.m. 1.png,12,0,"[532.12, 6.01, 844.8, 790.05]"
320,Entrapment 12.02 a.m.png,12,2,"[745.89, 96.75, 403.38, 434.24]"
321,Eraser 9.24 a.m.png,9,24,"[448.98, 45.83, 729.22, 691.42]"
322,Europa 11.12 a.m.png,11,12,"[1285.32, 226.37, 189.08, 191.72]"
323,Evil Dead II 10.39 p.m.png,10,39,"[570.62, 53.01, 515.96, 530.06]"
324,Evil Dead II 11.31 p.m.png,11,31,"[900.22, 55.19, 553.66, 461.35]"
325,Fade to Black 8.57 p.m.png,8,57,"[484.14, 29.45, 1207.74, 1033.35]"
326,Fallen Angels 2.45 a.m.png,2,45,"[1445.77, 4.73, 282.72, 259.58]"
327,Falling Down 11.33 a.m.png,11,33,"[367.14, 144.62, 528.84, 535.32]"
328,Falling in Love 5.57 p.m.png,5,57,"[620.95, 287.06, 317.01, 302.66]"
329,Falling in Love 6.04 p.m.png,6,4,"[792.96, 144.83, 326.14, 388.26]"
330,Falling in Love 6.18 p.m.png,6,18,"[706.93, 347.86, 383.65, 218.17]"
331,Falling in Love 8.20 a.m.png,8,20,"[715.99, 415.02, 284.31, 271.82]"
332,Fanny and Alexander 2.36 p.m.png,2,36,"[718.98, 19.9, 806.1, 851.7]"
333,Fanny and Alexander 2.43 p.m.png,2,43,"[624.6, 101.29, 582.22, 567.65]"
334,"Farewell, Friend 11.57 p.m.png",11,57,"[770.34, 421.81, 276.0, 225.31]"
335,Fatal Attraction 7.25 a.m.png,7,25,"[1418.62, 198.86, 132.67, 130.48]"
336,Firewall 9.00 p.m.png,9,0,"[962.27, 87.95, 710.26, 691.76]"
337,For Your Eyes Only 4.11 p.m.png,4,11,"[732.82, 421.63, 95.57, 89.3]"
338,For Your Eyes Only 9.23 p.m.png,9,23,"[666.62, 11.88, 606.29, 787.77]"
339,Four Weddings and a Funeral 9.00 a.m.png,9,0,"[823.6, 559.93, 446.11, 340.65]"
340,Four Weddings and a Funeral 9.12 a.m.png,9,12,"[518.36, 332.08, 753.19, 587.74]"
341,Four Weddings and a Funeral 9.41 a.m. 1.png,9,41,"[64.24, 190.01, 312.87, 244.48]"
342,Fox and His Friends 5.00 p.m. 1.png,5,0,"[337.25, 275.97, 815.15, 723.09]"
343,Fox and His Friends 5.00 p.m. 2.png,5,0,"[457.36, 306.69, 569.43, 465.85]"
344,Fox and His Friends 5.36 p.m.png,5,36,"[297.23, 136.94, 787.68, 925.9]"
345,Fox and His Friends 6.30 p.m.png,6,30,"[428.01, 202.33, 740.49, 849.78]"
346,Fracture 1.21 p.m.png,1,21,"[925.78, 81.81, 117.45, 119.57]"
347,Frankie & Johnny 1.16 a.m.png,1,16,"[496.54, 699.84, 334.59, 259.34]"
348,Frankie & Johnny 3.25 a.m.png,3,25,"[878.57, 79.42, 347.35, 287.08]"
349,Frantic 1.23 p.m.png,1,23,"[974.68, 77.47, 147.25, 150.86]"
350,Frantic 4.07 a.m.png,4,7,"[472.3, 556.6, 232.41, 201.75]"
351,Frequency 3.14 a.m.png,3,14,"[890.78, 327.76, 140.92, 150.92]"
352,Fresh 10.23 p.m.png,10,23,"[558.9, 21.38, 1112.78, 903.01]"
353,Fright Night 6.00 a.m. 2.png,6,0,"[593.0, 23.42, 413.88, 447.61]"
354,Fright Night 6.00 a.m. 3.png,6,0,"[827.69, 374.19, 349.0, 394.15]"
355,From Here to Eternity 7.51 a.m.png,7,51,"[1173.85, 139.9, 167.99, 168.19]"
356,From Russia with Love 1.19 a.m.png,1,19,"[1281.99, 652.61, 114.03, 119.76]"
357,From Russia with Love 5.33 a.m.png,5,33,"[1379.3, 120.21, 158.2, 154.77]"
358,From the Life of the Marionettes 1.19 a.m.png,1,19,"[657.47, 140.14, 408.68, 412.29]"
359,Gallipoli 4.12 p.m.png,4,12,"[359.89, 70.16, 830.49, 729.07]"
360,Gallipoli 4.20 p.m.png,4,20,"[456.47, 24.32, 764.1, 754.36]"
361,Gallipoli 4.23 p.m.png,4,23,"[516.21, 32.79, 727.05, 645.1]"
362,Gallipoli 4.44 p.m.png,4,44,"[1558.78, 574.49, 230.04, 229.2]"
363,Gambit 5.50 p.m.png,5,50,"[376.27, 21.06, 974.99, 1016.67]"
364,Gambit 11.30 p.m.png,11,30,"[637.61, 149.87, 736.47, 654.13]"
365,Gangs of New York 2.12 p.m.png,2,12,"[613.67, 462.29, 199.11, 219.24]"
366,Garfield A Tail of Two Kitties 5.34 p.m.png,5,34,"[832.96, 431.82, 106.93, 106.62]"
367,Gaslight 4.51 p.m.png,4,51,"[351.09, 374.4, 154.79, 175.51]"
368,Gentleman's Agreement 8.36 a.m.png,8,36,"[628.25, 260.42, 185.56, 321.01]"
369,Get Carter 9.34 p.m.png,9,34,"[471.53, 38.4, 159.85, 161.14]"
370,Get Carter 9.41 p.m.png,9,41,"[30.8, 3.24, 439.78, 361.24]"
371,Going My Way 5.36 p.m.png,5,36,"[994.0, 112.01, 151.07, 159.57]"
372,Gold Diggers of 1935 6.38 a.m.png,6,38,"[305.86, 247.27, 697.8, 687.89]"
373,Gold Diggers of 1935 6.40 a.m.png,6,40,"[901.56, 198.14, 318.02, 345.49]"
374,Gold Diggers of 1935 6.45 p.m.png,6,45,"[768.18, 318.13, 388.17, 399.37]"
375,GoldenEye 9.55 p.m.png,9,55,"[522.01, 77.67, 385.39, 490.72]"
376,Goldfinger 2.45 p.m. 2.png,2,45,"[1067.92, 44.76, 384.12, 603.79]"
377,Goldfinger 12.20 a.m. 1.png,12,20,"[399.5, 97.85, 593.96, 552.34]"
378,Goldfinger 12.20 a.m. 2.png,12,20,"[798.8, 432.45, 226.64, 185.82]"
379,"Good Bye, Lenin! 7.30 p.m.png",7,30,"[684.17, 31.06, 868.56, 1019.45]"
380,"Good Morning, Vietnam 6.00 a.m.png",6,0,"[599.64, 46.51, 885.1, 925.97]"
381,"Good Night, and Good Luck 10.30 p.m.png",10,30,"[846.49, 623.84, 382.85, 428.56]"
382,Good Will Hunting 4.17 p.m.png,4,17,"[656.33, 100.95, 741.16, 856.43]"
383,Good Will Hunting 10.32 a.m.png,10,32,"[1261.38, 493.61, 143.02, 169.61]"
384,Gosford Park 12.55 a.m.png,12,55,"[355.08, 53.46, 230.64, 212.49]"
385,Green Card 5.57 p.m.png,5,57,"[543.04, 202.99, 606.58, 671.82]"
386,Green Card 8.59 a.m.png,8,59,"[307.89, 6.19, 1086.89, 1008.65]"
387,Green for Danger 11.44 a.m.png,11,44,"[1055.82, 7.85, 143.38, 198.16]"
388,Gregory's Girl 7.30 p.m.png,7,30,"[360.42, 0.9, 1113.21, 1025.71]"
389,Gremlins 2.20 a.m.png,2,20,"[1406.25, 105.26, 124.66, 142.58]"
390,Halloween III Season of the Witch 8.50 p.m.png,8,50,"[662.76, 244.84, 409.98, 389.41]"
391,Hannibal 8.48 p.m.png,8,48,"[343.4, 348.24, 289.39, 260.29]"
392,Harry Potter and the Chamber of Secrets 11.00 a.m.png,11,0,"[693.32, 210.03, 559.25, 548.66]"
393,Harry Potter and the Goblet of Fire 10.58 a.m.png,10,58,"[773.69, 203.76, 318.04, 407.8]"
394,Harry Potter and the Goblet of Fire 11.51 a.m.png,11,51,"[522.95, 35.47, 810.33, 747.2]"
395,He's Just Not That into You 9.25 p.m.png,9,25,"[314.71, 43.11, 441.55, 416.55]"
396,Heathers 9.55 p.m.png,9,55,"[627.5, 490.76, 125.2, 132.63]"
397,High Noon 10.40 a.m.png,10,40,"[512.06, 94.13, 339.18, 385.22]"
398,High Noon 11.58 a.m.png,11,58,"[162.9, 2.88, 1178.76, 1070.81]"
399,High Noon 11.59 a.m. 1.png,11,59,"[172.67, 3.12, 1312.11, 1069.01]"
400,High Noon 11.59 a.m. 2.png,11,59,"[329.02, 52.33, 840.9, 1005.59]"
401,High School Musical 5.37 p.m.png,5,37,"[440.55, 129.17, 1040.57, 873.75]"
402,Higher Learning 2.27 a.m.png,2,27,"[240.44, 9.68, 710.85, 671.62]"
403,Higher Learning 2.29 p.m.png,2,29,"[0.77, 121.03, 535.59, 553.09]"
404,Hitch 7.30 a.m.png,7,30,"[396.69, 241.34, 296.54, 300.47]"
405,Hollywoodland 1.06 a.m.png,1,6,"[542.67, 114.84, 392.77, 371.9]"
406,Hook 6.34 a.m.png,6,34,"[553.86, 213.97, 579.13, 574.77]"
407,Hook 7.41 p.m.png,7,41,"[1123.73, 456.93, 249.07, 227.5]"
408,Hopscotch 11.52 a.m.png,11,52,"[518.18, 192.28, 197.85, 211.59]"
409,Hot Fuzz 2.58 p.m.png,2,58,"[563.88, 173.49, 457.21, 487.59]"
410,Hot Fuzz 2.59 p.m.png,2,59,"[760.99, 121.66, 476.74, 558.96]"
411,House on Haunted Hill 11.37 p.m.png,11,37,"[732.24, 489.83, 421.65, 443.22]"
412,House on Haunted Hill 11.45 p.m.png,11,45,"[732.11, 491.02, 421.79, 447.04]"
413,How to Lose Friends & Alienate People 9.56 a.m.png,9,56,"[769.56, 267.62, 394.11, 377.41]"
414,How to Make an American Quilt 3.06 a.m.png,3,6,"[1401.31, 34.18, 105.45, 88.66]"
415,How to Make an American Quilt 4.57 a.m.png,4,57,"[1606.38, 137.05, 91.03, 109.03]"
416,Hulk 11.54 p.m.png,11,54,"[449.76, 158.34, 1073.93, 870.37]"
417,Humoresque 2.27 a.m.png,2,27,"[974.31, 551.41, 289.15, 347.96]"
418,I Am Legend 5.23 p.m.png,5,23,"[650.65, 68.68, 702.46, 559.97]"
419,I Capture the Castle 9.56 a.m.png,9,56,"[1657.28, 141.21, 82.11, 81.45]"
420,I Now Pronounce You Chuck & Larry 3.22 a.m.png,3,22,"[879.34, 238.81, 262.77, 263.09]"
421,I Want to Live! 4.47 p.m.png,4,47,"[123.81, 284.92, 246.86, 249.02]"
422,I Want to Live! 8.00 a.m.png,8,0,"[585.72, 28.86, 886.33, 997.19]"
423,I Want to Live! 8.04 a.m.png,8,4,"[760.02, 57.96, 298.64, 301.34]"
424,I Want to Live! 10.26 a.m.png,10,26,"[648.74, 18.26, 906.73, 1006.74]"
425,I Want to Live! 10.44 a.m.png,10,44,"[761.89, 111.19, 671.2, 704.99]"
426,I Want to Live! 11.28 a.m.png,11,28,"[420.05, 4.4, 1104.11, 1018.46]"
427,I Want to Live! 11.32 a.m.png,11,32,"[1.09, 0.91, 332.29, 291.31]"
428,I Want to Live! 11.36 a.m.png,11,36,"[403.74, 1.28, 1154.17, 1025.76]"
429,I Want to Live! 11.37 a.m.png,11,37,"[210.42, 2.24, 507.7, 491.96]"
430,I'm All Right Jack 7.23 p.m.png,7,23,"[1072.37, 478.01, 139.88, 151.44]"
431,I'm All Right Jack 7.29 a.m. 1.png,7,29,"[116.28, 341.42, 139.76, 194.22]"
432,I'm All Right Jack 9.00 a.m.png,9,0,"[680.22, 488.54, 238.68, 229.66]"
433,"I'm a Cyborg, But That's OK 2.43 p.m.png",2,43,"[290.06, 228.5, 409.93, 396.53]"
434,In the Line of Fire 4.02 a.m.png,4,2,"[1043.66, 47.15, 793.64, 712.37]"
435,In the Line of Fire 12.32 a.m.png,12,32,"[1241.37, 250.33, 671.18, 503.55]"
436,In the Mood for Love 1.10 p.m.png,1,10,"[240.81, 2.52, 1289.09, 1066.14]"
437,In the Mood for Love 4.18 p.m.png,4,18,"[291.41, 10.47, 1209.8, 1060.19]"
438,In the Mood for Love 7.03 p.m.png,7,3,"[449.93, 1.39, 1352.49, 1071.12]"
439,In the Mood for Love 11.01 a.m.png,11,1,"[886.5, 5.0, 918.14, 1065.21]"
440,In the Mood for Love 11.43 p.m.png,11,43,"[219.71, 129.73, 395.4, 402.05]"
441,Indecent Proposal 6.50 p.m.png,6,50,"[409.23, 751.54, 163.38, 156.81]"
442,Indiana Jones and the Temple of Doom 10.17 p.m. 3.png,10,17,"[845.32, 923.93, 391.24, 426.53]"
443,Indiana Jones and the Temple of Doom 10.21 p.m.png,10,21,"[1574.82, 639.56, 351.71, 323.56]"
444,Indiscreet 11.40 p.m.png,11,40,"[602.63, 312.22, 444.48, 451.9]"
445,Infernal Affairs II 2.22 p.m.png,2,22,"[693.51, 142.64, 447.51, 439.94]"
446,Inferno 12.21 p.m.png,12,21,"[713.48, 164.64, 480.86, 393.56]"
447,Inherit the Wind 7.58 a.m.png,7,58,"[771.03, 298.75, 237.98, 247.48]"
448,Inside Man 2.35 p.m.png,2,35,"[807.37, 491.02, 242.46, 230.85]"
449,Insomnia (1997) 11.08 a.m.png,11,8,"[480.21, 156.62, 396.72, 383.68]"
450,Intersection 2.16 p.m.png,2,16,"[1043.41, 28.48, 542.48, 558.07]"
451,Intimacy 2.03 p.m.png,2,3,"[516.84, 199.67, 223.06, 238.84]"
452,Jingle All the Way 8.58 a.m.png,8,58,"[1085.07, 1597.86, 325.15, 322.91]"
453,John Q. 4.15 p.m.png,4,15,"[316.13, 63.35, 601.16, 632.26]"
454,John Q. 5.05 p.m.png,5,5,"[266.6, 245.18, 433.41, 439.29]"
455,John Q. 9.58 p.m.png,9,58,"[656.83, 150.42, 806.82, 814.71]"
456,Johnny Handsome 1.05 p.m.png,1,5,"[232.9, 4.02, 1420.17, 1015.32]"
457,Johnny Handsome 12.58 p.m.png,12,58,"[0.0, 1.84, 1920.0, 971.91]"
458,Journey to the Center of the Earth 5.50 p.m.png,5,50,"[1078.36, 306.69, 313.14, 322.33]"
459,Julie & Julia 1.28 a.m.png,1,28,"[1050.34, 259.17, 420.44, 447.67]"
460,Julie & Julia 5.30 a.m.png,5,30,"[1190.75, 380.59, 440.88, 423.06]"
461,Julie & Julia 6.30 a.m.png,6,30,"[758.57, 633.79, 190.8, 190.77]"
462,Julie & Julia 11.39 p.m.png,11,39,"[1709.74, 529.87, 108.08, 107.0]"
463,Jumper 8.31 p.m.png,8,31,"[487.6, 1.67, 375.43, 382.99]"
464,Jumpin' Jack Flash 12.16 a.m.png,12,16,"[1415.81, 112.92, 282.72, 282.65]"
465,Juno 6.40 p.m.png,6,40,"[756.09, 22.35, 235.28, 250.19]"
466,Just Like Heaven 7.34 p.m.png,7,34,"[597.63, 158.46, 771.54, 735.55]"
467,Just Like Heaven 8.05 p.m.png,8,5,"[1074.71, 516.78, 204.4, 204.93]"
468,K-PAX 10.33 a.m.png,10,33,"[254.76, 1.46, 1007.06, 797.33]"
469,Kickboxer 5.25 a.m.png,5,25,"[1387.5, 55.08, 337.93, 329.4]"
470,Kiss Me Deadly 2.10 a.m.png,2,10,"[138.59, 111.98, 208.83, 236.69]"
471,Klute 12.04 a.m.png,12,4,"[136.63, 401.68, 65.92, 74.14]"
472,Knife in the Water 12.10 p.m.png,12,10,"[320.16, 408.92, 65.72, 61.26]"
473,Knowing 2.10 p.m.png,2,10,"[1359.33, 36.91, 52.1, 54.14]"
474,Konga 11.41 p.m.png,11,41,"[482.07, 391.01, 87.65, 154.05]"
475,Kramer Vs. Kramer 4.20 p.m.png,4,20,"[702.29, 37.6, 540.78, 548.04]"
476,Kramer Vs. Kramer 4.30 p.m.png,4,30,"[690.56, 34.84, 542.62, 551.04]"
477,L'Atalante 5.33 p.m. 1.png,5,33,"[361.91, 240.17, 577.05, 564.55]"
478,L.A. Confidential 2.04 p.m.png,2,4,"[744.01, 115.11, 312.51, 310.07]"
479,L.A. Confidential 2.06 p.m. 1.png,2,6,"[674.15, 177.03, 325.28, 312.74]"
480,L.A. Confidential 11.16 p.m.png,11,16,"[632.82, 189.22, 326.79, 300.29]"
481,La Grande Vadrouille 8.04 a.m. 1.png,8,4,"[1060.28, 453.28, 225.42, 207.7]"
482,Lady for a Day 8.15 p.m.png,8,15,"[634.16, 308.11, 437.65, 534.46]"
483,Lady for a Day 9.06 p.m.png,9,6,"[388.9, 65.29, 794.71, 914.86]"
484,Last Year at Marienbad 8.59 p.m.png,8,59,"[1480.39, 297.33, 248.95, 249.52]"
485,Last Year at Marienbad 9.06 p.m.png,9,6,"[668.34, 280.43, 178.69, 156.37]"
486,Laura 8.46 p.m.png,8,46,"[988.91, 145.0, 261.51, 391.2]"
487,Laura 9.37 p.m.png,9,37,"[691.92, 42.82, 215.71, 218.05]"
488,Laura 9.42 p.m.png,9,42,"[907.3, 238.86, 100.21, 101.83]"
489,Laura 9.43 p.m.png,9,43,"[856.69, 55.28, 213.91, 211.65]"
490,Laura 9.44 p.m.png,9,44,"[1003.74, 277.65, 132.39, 187.43]"
491,Laura 10.10 a.m.png,10,10,"[914.72, 173.98, 171.69, 197.37]"
492,Laura 11.32 a.m.png,11,32,"[592.08, 283.57, 159.61, 163.17]"
493,Le Samouraï 5.51 p.m.png,5,51,"[448.8, 195.71, 508.71, 450.0]"
494,Leap of Faith 10.16 a.m.png,10,16,"[586.28, 730.34, 113.36, 110.84]"
495,Leap of Faith 11.44 a.m.png,11,44,"[544.56, 89.82, 817.42, 856.25]"
496,Lemony Snicket's A Series of Unfortunate Events 11.15 a.m.png,11,15,"[800.5, 217.93, 464.8, 396.58]"
497,"Léon Morin, Priest 2.40 a.m.png",2,40,"[508.13, 394.06, 120.76, 126.26]"
498,"Léon Morin, Priest 5.51 a.m.png",5,51,"[458.21, 412.8, 132.91, 133.05]"
499,Léon The Professional 11.57 a.m.png,11,57,"[363.43, 3.8, 1179.98, 790.78]"
500,Licence to Kill 2.56 p.m.png,2,56,"[771.93, 57.28, 301.66, 288.64]"
501,License to Wed 8.39 a.m.png,8,39,"[742.38, 242.95, 463.76, 402.08]"
502,Lions for Lambs 7.14 p.m.png,7,14,"[836.2, 12.43, 683.2, 673.68]"
503,Lions for Lambs 8.07 p.m.png,8,7,"[825.42, 9.0, 576.62, 580.86]"
504,Lions for Lambs 10.37 a.m.png,10,37,"[442.7, 1.93, 1034.3, 788.34]"
505,Little Children 9.00 a.m. 2.png,9,0,"[379.7, 1.87, 1166.15, 789.16]"
506,Little Children 9.00 a.m. 3.png,9,0,"[1102.45, 118.54, 436.98, 434.25]"
507,Little Children 9.00 a.m. 4.png,9,0,"[1256.85, 240.8, 290.56, 292.35]"
508,Little Children 10.30 a.m.png,10,30,"[685.1, 14.59, 678.76, 668.31]"
509,Little Miss Sunshine 3.04 p.m. 2.png,3,4,"[912.94, 216.47, 313.47, 338.62]"
510,Little Nicky 12.10 p.m.png,12,10,"[435.93, 75.4, 623.07, 698.12]"
511,Little Voice 12.50 a.m.png,12,50,"[833.14, 322.43, 254.62, 219.28]"
512,Live and Let Die 11.49 p.m.png,11,49,"[651.27, 238.32, 572.45, 587.34]"
513,Live and Let Die 11.55 p.m.png,11,55,"[682.63, 197.39, 718.61, 617.13]"
514,Live and Let Die 12.37 p.m.png,12,37,"[949.14, 151.63, 602.71, 606.99]"
515,Lolita (1962) 3.04 a.m.png,3,4,"[941.44, 58.1, 227.72, 230.16]"
516,Lolita (1962) 3.05 a.m.png,3,5,"[307.39, 124.33, 230.52, 227.63]"
517,Lolita (1997) 11.33 p.m. 1.png,11,33,"[793.29, 468.78, 75.97, 101.16]"
518,Lolita (1997) 11.33 p.m. 2.png,11,33,"[1541.44, 755.0, 103.8, 116.31]"
519,London 1.49 p.m.png,1,49,"[654.78, 284.11, 104.18, 118.7]"
520,London 10.58 p.m.png,10,58,"[640.92, 397.39, 205.9, 209.71]"
521,London 11.19 a.m.png,11,19,"[679.02, 230.77, 69.97, 68.34]"
522,Lost Highway 11.05 p.m.png,11,5,"[468.7, 11.82, 938.63, 775.28]"
523,Love & Basketball 10.53 p.m.png,10,53,"[720.47, 223.87, 168.28, 192.04]"
524,Love and Death 12.00 a.m.png,12,0,"[485.25, 26.91, 993.35, 994.02]"
525,Lucky Number Slevin 4.36 p.m.png,4,36,"[944.37, 289.4, 363.13, 353.61]"
526,M 1.15 p.m.png,1,15,"[0.04, 417.34, 91.43, 244.81]"
527,M 12.20 p.m.png,12,20,"[433.26, 358.01, 199.19, 199.37]"
528,"MacGyver ""The Heist"" 1.25 a.m.png",1,25,"[301.25, 225.82, 524.79, 624.66]"
529,"MacGyver ""The Heist"" 1.30 a.m.png",1,30,"[691.61, 367.75, 161.33, 148.93]"
530,"MacGyver ""The Heist"" 1.39 a.m.png",1,39,"[143.82, 6.83, 1114.78, 1062.46]"
531,"MacGyver ""The Heist"" 1.47 a.m.png",1,47,"[142.69, 7.73, 1115.91, 1059.74]"
532,"MacGyver ""The Heist"" 2.02 a.m.png",2,2,"[141.91, 6.75, 1146.57, 1062.9]"
533,"MacGyver ""The Heist"" 2.08 a.m.png",2,8,"[619.57, 377.06, 165.35, 157.92]"
534,"MacGyver ""Ugly Duckling"" 1.18 p.m.png",1,18,"[421.81, 8.27, 422.23, 682.14]"
535,Maid in Manhattan 7.06 a.m.png,7,6,"[985.36, 262.43, 324.21, 333.76]"
536,Man of a Thousand Faces 2.37 p.m.png,2,37,"[429.16, 42.21, 126.82, 153.33]"
537,Man of a Thousand Faces 11.32 p.m.png,11,32,"[276.64, 193.32, 156.13, 237.53]"
538,Map of the Human Heart 10.14 p.m. 1.png,10,14,"[1338.85, 19.23, 100.25, 164.52]"
539,Marathon Man 11.02 a.m.png,11,2,"[474.76, 638.52, 328.37, 309.64]"
540,Marooned 4.26 a.m.png,4,26,"[697.27, 134.57, 480.96, 446.7]"
541,Mary Poppins 5.59 p.m.png,5,59,"[982.81, 108.05, 408.69, 437.25]"
542,Matilda 6.32 a.m.png,6,32,"[715.48, 128.48, 579.36, 630.02]"
543,Matilda 10.00 p.m.png,10,0,"[911.33, 88.63, 420.63, 462.08]"
544,Maverick 4.00 a.m.png,4,0,"[561.09, 8.29, 826.45, 782.36]"
545,Maverick 4.30 a.m.png,4,30,"[551.59, 3.58, 835.3, 785.72]"
546,Maverick 4.59 a.m.png,4,59,"[469.05, 3.16, 1034.29, 787.05]"
547,Maverick 5.04 p.m.png,5,4,"[624.83, 69.49, 632.79, 615.57]"
548,Meet Me in St. Louis 6.41 p.m.png,6,41,"[781.18, 325.13, 94.57, 97.16]"
549,Men of Honor 2.11 p.m.png,2,11,"[893.35, 89.72, 693.77, 691.86]"
550,Micmacs 2.44 p.m.png,2,44,"[985.5, 153.29, 483.6, 462.12]"
551,Micmacs 3.58 p.m.png,3,58,"[646.11, 112.15, 618.44, 571.64]"
552,Micmacs 4.00 p.m.png,4,0,"[220.97, 74.41, 1049.36, 716.49]"
553,Mighty Aphrodite 2.59 p.m. 1.png,2,59,"[1475.54, 48.82, 262.15, 255.66]"
554,Mikey and Nicky 10.26 p.m.png,10,26,"[810.1, 54.05, 351.29, 361.64]"
555,Mindhunters 5.40 p.m. 1.png,5,40,"[786.23, 1.18, 897.93, 808.35]"
556,Mindhunters 5.50 p.m.png,5,50,"[350.32, 100.05, 278.14, 331.06]"
557,Mindhunters 6.55 p.m.png,6,55,"[16.45, 2.92, 1210.34, 806.1]"
558,Mindhunters 10.30 a.m.png,10,30,"[457.21, 45.43, 739.0, 747.8]"
559,Ministry of Fear 5.57 p.m.png,5,57,"[377.8, 129.21, 467.64, 476.23]"
560,Miracle on 34th Street 11.59 a.m.png,11,59,"[932.48, 70.65, 770.54, 807.71]"
561,Mishima A Life in Four Chapters 9.32 a.m.png,9,32,"[1506.92, 652.4, 326.8, 309.74]"
562,Mishima A Life in Four Chapters 10.45 a.m.png,10,45,"[742.86, 181.61, 210.9, 177.61]"
563,Mission Impossible (1996) 10.56 p.m.png,10,56,"[637.25, 404.6, 232.6, 198.83]"
564,Mississippi Burning 11.27 a.m.png,11,27,"[428.86, 660.91, 398.24, 370.59]"
565,Modern Times 6.04 a.m.png,6,4,"[680.62, 72.51, 84.55, 92.38]"
566,Modern Times 6.05 a.m.png,6,5,"[274.24, 162.42, 917.2, 903.6]"
567,Modern Times 11.57 a.m.png,11,57,"[318.92, 207.98, 126.55, 186.66]"
568,Mommie Dearest 4.00 a.m.png,4,0,"[347.33, 109.06, 849.54, 861.37]"
569,Monsieur Verdoux 3.45 p.m.png,3,45,"[0.04, 412.84, 194.49, 211.61]"
570,Moonraker 12.10 a.m.png,12,10,"[793.97, 49.09, 129.38, 160.46]"
571,Mouchette 11.11 p.m.png,11,11,"[1113.41, 11.61, 89.42, 153.98]"
572,MouseHunt 10.06 p.m.png,10,6,"[291.47, 657.0, 207.25, 169.16]"
573,MouseHunt 12.00 p.m.png,12,0,"[655.38, 346.0, 599.62, 551.22]"
574,Mr. & Mrs. Smith (2005) 11.54 a.m.png,11,54,"[605.54, 177.74, 427.07, 364.8]"
575,Mrs. Miniver 6.31 a.m.png,6,31,"[929.23, 52.67, 501.09, 688.91]"
576,Mrs. Palfrey at the Claremont 6.55 p.m.png,6,55,"[986.73, 210.45, 686.89, 676.76]"
577,Mrs. Palfrey at the Claremont 7.29 p.m.png,7,29,"[655.4, 107.48, 672.38, 669.78]"
578,Mrs. Palfrey at the Claremont 7.40 p.m.png,7,40,"[484.44, 67.61, 959.51, 939.63]"
579,Mrs. Palfrey at the Claremont 9.40 a.m.png,9,40,"[1293.96, 363.69, 138.91, 161.95]"
580,"Muriel, or the Time of Return 8.35 p.m.png",8,35,"[1392.66, 138.77, 180.85, 175.07]"
581,My Blueberry Nights 8.40 p.m.png,8,40,"[526.31, 0.0, 842.18, 707.44]"
582,My Cousin Vinny 2.57 p.m.png,2,57,"[878.23, 240.0, 151.66, 146.66]"
583,My Dream Is Yours 5.45 a.m.png,5,45,"[521.34, 284.22, 355.98, 398.65]"
584,My Dream Is Yours 8.55 p.m.png,8,55,"[191.41, 16.91, 1027.14, 1043.04]"
585,My Fellow Americans 9.51 p.m.png,9,51,"[1036.81, 467.3, 197.62, 161.48]"
586,My Life 2.55 p.m.png,2,55,"[1491.54, 35.09, 223.33, 213.58]"
587,My Life Without Me 3.14 p.m.png,3,14,"[836.99, 176.27, 104.95, 110.23]"
588,My Life Without Me 12.38 a.m.png,12,38,"[1080.12, 369.4, 315.09, 320.54]"
589,My Night at Maud's 11.44 a.m.png,11,44,"[608.65, 624.55, 256.98, 265.04]"
590,My Own Private Idaho 4.28 p.m.png,4,28,"[742.33, 260.49, 539.41, 662.96]"
591,National Treasure 3.21 p.m. 2.png,3,21,"[703.21, 1.76, 961.34, 789.72]"
592,National Treasure 3.29 p.m. 1.png,3,29,"[774.14, 509.91, 372.19, 213.94]"
593,Next 3.14 p.m.png,3,14,"[815.57, 107.44, 490.54, 493.38]"
594,Next 8.08 a.m. 1.png,8,8,"[841.75, 73.18, 480.87, 380.72]"
595,Next 8.08 a.m. 2.png,8,8,"[650.18, 8.98, 780.98, 764.97]"
596,Next 9.01 a.m. 1.png,9,1,"[719.9, 146.47, 387.66, 340.48]"
597,Nick of Time 1.19 p.m. 3.png,1,19,"[1186.75, 52.25, 208.53, 203.27]"
598,Nick of Time 12.08 p.m.png,12,8,"[336.76, 4.07, 1061.39, 1058.13]"
599,Nick of Time 12.26 p.m. 1.png,12,26,"[464.07, 123.98, 708.73, 719.88]"
600,Nick of Time 12.32 p.m.png,12,32,"[511.25, 284.66, 492.15, 507.09]"
601,Nick of Time 12.56 p.m.png,12,56,"[777.41, 344.66, 369.8, 366.33]"
602,Nick of Time 12.59 p.m.png,12,59,"[1039.6, 91.1, 187.4, 183.62]"
603,Night of the Eagle 11.59 p.m.png,11,59,"[580.98, 139.69, 845.46, 784.89]"
604,Night on Earth 4.07 a.m. 1.png,4,7,"[1175.68, 130.09, 553.12, 652.42]"
605,Night on Earth 4.07 a.m. 2.png,4,7,"[459.74, 376.44, 334.07, 372.2]"
606,Night on Earth 5.07 a.m.png,5,7,"[1500.67, 292.97, 110.11, 127.66]"
607,Night on Earth 7.07 p.m. 1.png,7,7,"[467.51, 118.16, 918.62, 923.69]"
608,Night on Earth 10.08 p.m.png,10,8,"[1233.38, 226.85, 126.42, 152.1]"
609,No Country for Old Men 11.37 a.m.png,11,37,"[712.69, 253.25, 158.31, 121.9]"
610,North by Northwest 5.55 p.m.png,5,55,"[1635.39, 373.3, 120.9, 126.19]"
611,Nosferatu 6.00 p.m.png,6,0,"[507.87, 620.22, 422.14, 410.1]"
612,Notorious 6.42 p.m.png,6,42,"[1134.49, 203.21, 150.49, 158.87]"
613,"Now, Voyager 1.34 a.m.png",1,34,"[396.71, 317.45, 588.37, 540.76]"
614,"Now, Voyager 4.00 p.m.png",4,0,"[474.03, 307.85, 539.81, 585.28]"
615,"Now, Voyager 11.15 p.m.png",11,15,"[408.34, 312.44, 605.84, 554.5]"
616,"Now, Voyager 11.47 p.m.png",11,47,"[584.67, 268.5, 257.46, 363.05]"
617,Nowhere Boy 1.15 a.m.png,1,15,"[938.53, 491.51, 120.85, 103.76]"
618,Nowhere Boy 10.26 p.m. 2.png,10,26,"[663.33, 112.06, 345.23, 516.41]"
619,"OSS 117 Cairo, Nest of Spies 8.05 p.m.png",8,5,"[577.29, 159.93, 267.63, 260.33]"
620,Obsessed 12.15 p.m.png,12,15,"[765.82, 97.22, 422.44, 387.13]"
621,Octopussy 2.54 p.m.png,2,54,"[347.86, 27.48, 102.24, 111.05]"
622,Odd Man Out 10.45 p.m.png,10,45,"[583.37, 283.14, 121.1, 148.78]"
623,Office Space 10.36 a.m.png,10,36,"[206.96, 9.28, 1406.69, 1017.39]"
624,Oldboy 3.08 p.m.png,3,8,"[644.65, 116.72, 297.99, 356.17]"
625,On Guard! 7.50 a.m.png,7,50,"[497.27, 448.6, 130.43, 124.71]"
626,On Guard! 11.59 a.m.png,11,59,"[136.96, 32.81, 712.1, 649.19]"
627,On Her Majesty's Secret Service 1.25 p.m.png,1,25,"[1151.12, 68.42, 58.82, 110.64]"
628,On Her Majesty's Secret Service 2.00 p.m.png,2,0,"[1496.25, 377.98, 84.73, 161.27]"
629,On Her Majesty's Secret Service 7.09 p.m. 1.png,7,9,"[1228.52, 254.64, 264.24, 239.1]"
630,Once Upon a Time in the West 7.55 a.m.png,7,55,"[698.5, 116.19, 529.53, 508.12]"
631,Once Upon a Time in the West 10.09 a.m.png,10,9,"[624.75, 203.39, 461.43, 424.82]"
632,One Hour Photo 3.42 p.m.png,3,42,"[573.12, 0.95, 231.62, 180.9]"
633,One Hour Photo 4.07 p.m.png,4,7,"[792.28, 77.09, 207.46, 233.27]"
634,One Hour Photo 6.06 a.m.png,6,6,"[509.77, 210.49, 156.5, 127.18]"
635,One Hour Photo 6.11 p.m.png,6,11,"[1018.69, 203.04, 85.49, 118.01]"
636,One Hour Photo 7.43 a.m.png,7,43,"[1279.1, 3.1, 264.95, 280.3]"
637,One Missed Call 6.35 p.m.png,6,35,"[810.07, 70.57, 855.41, 846.93]"
638,One Missed Call 7.31 p.m.png,7,31,"[401.18, 281.83, 290.8, 302.6]"
639,One Missed Call 9.55 p.m.png,9,55,"[1287.52, 6.36, 389.88, 734.28]"
640,One Night at McCool's 12.27 a.m.png,12,27,"[1228.53, 435.56, 154.05, 124.56]"
641,"One, Two, Three 8.30 a.m.png",8,30,"[741.36, 476.79, 176.73, 177.65]"
642,"One, Two, Three 9.00 a.m.png",9,0,"[814.81, 347.89, 125.69, 125.97]"
643,"One, Two, Three 10.00 a.m.png",10,0,"[905.42, 499.66, 206.88, 192.82]"
644,"One, Two, Three 11.00 a.m.png",11,0,"[621.0, 520.84, 242.86, 243.58]"
645,"One, Two, Three 11.30 a.m.png",11,30,"[913.72, 491.22, 205.23, 199.11]"
646,Open Range 5.13 p.m.png,5,13,"[389.19, 6.98, 871.0, 775.28]"
647,Open Range 9.35 p.m.png,9,35,"[627.1, 43.15, 425.37, 470.47]"
648,Ordet 10.43 p.m.png,10,43,"[1163.09, 115.83, 106.89, 115.45]"
649,Ordet 12.16 p.m.png,12,16,"[826.92, 252.81, 200.29, 264.45]"
650,Orpheus 6.00 p.m.png,6,0,"[665.87, 237.67, 234.58, 279.16]"
651,Out of Time 12.35 a.m.png,12,35,"[692.35, 129.27, 642.45, 502.25]"
652,Paper Moon 11.23 a.m.png,11,23,"[895.21, 564.16, 182.14, 198.19]"
653,Passport to Pimlico 8.13 a.m.png,8,13,"[491.8, 738.83, 203.26, 204.65]"
654,Performance 3.20 p.m. 1.png,3,20,"[120.01, 179.65, 391.47, 354.26]"
655,Performance 6.49 a.m.png,6,49,"[994.5, 405.83, 235.87, 353.31]"
656,Peter Pan 2.23 a.m.png,2,23,"[409.07, 168.06, 443.08, 377.68]"
657,Peter Pan 3.36 p.m.png,3,36,"[1.61, 105.75, 442.8, 424.74]"
658,Pépé le Moko 3.57 p.m.png,3,57,"[562.05, 123.5, 534.71, 611.95]"
659,Philadelphia 3.46 p.m.png,3,46,"[115.28, 1.5, 1459.72, 982.51]"
660,Picnic at Hanging Rock 11.59 a.m.png,11,59,"[699.6, 368.11, 628.27, 559.55]"
661,Picture Perfect 2.48 p.m.png,2,48,"[753.7, 405.9, 207.76, 204.43]"
662,"Planes, Trains and Automobiles 4.45 p.m.png",4,45,"[656.61, 267.58, 562.17, 606.64]"
663,Point Break 11.50 a.m.png,11,50,"[356.65, 88.4, 943.78, 710.45]"
664,Port of Call 7.51 p.m.png,7,51,"[405.58, 1.88, 443.42, 447.27]"
665,Port of Call 8.25 p.m.png,8,25,"[997.45, 758.62, 198.2, 209.98]"
666,Pretty Woman 2.56 a.m.png,2,56,"[905.03, 186.2, 413.93, 425.87]"
667,Pretty Woman 8.54 p.m.png,8,54,"[709.21, 387.47, 383.83, 366.15]"
668,Priceless 12.24 p.m.png,12,24,"[1009.18, 220.44, 353.09, 353.69]"
669,Pride & Prejudice 10.45 a.m.png,10,45,"[869.96, 34.92, 170.29, 180.35]"
670,Primer 2.06 p.m.png,2,6,"[519.18, 129.67, 793.16, 793.66]"
671,"Prison Break ""Going Under"" 2.30 p.m.png",2,30,"[878.79, 447.13, 267.65, 253.56]"
672,Prison Break The Final Break 6.50 p.m.png,6,50,"[1005.82, 370.48, 480.32, 506.23]"
673,Prison Break The Final Break 7.03 p.m. 1.png,7,3,"[438.76, 3.54, 907.34, 921.61]"
674,Prison Break The Final Break 7.03 p.m. 2.png,7,3,"[701.05, 152.04, 614.31, 592.75]"
675,Public Enemies 10.36 a.m.png,10,36,"[803.56, 62.25, 78.62, 79.02]"
676,Pulp Fiction 4.20 p.m.png,4,20,"[1289.07, 310.56, 315.84, 409.2]"
677,Pulp Fiction 8.17 a.m.png,8,17,"[355.72, 1.14, 189.84, 118.76]"
678,"Quantum Leap ""Genesis"" 9.30 a.m.png",9,30,"[852.92, 539.46, 187.07, 164.4]"
679,Quick Change 4.59 p.m.png,4,59,"[701.05, 328.68, 534.89, 535.39]"
680,Racing Stripes 6.24 a.m.png,6,24,"[1284.59, 191.33, 108.22, 111.84]"
681,Radio Days 4.50 p.m.png,4,50,"[228.45, 0.0, 573.93, 527.39]"
682,Radio Days 7.01 p.m.png,7,1,"[876.6, 31.62, 231.28, 294.03]"
683,Raising Cain 11.07 a.m.png,11,7,"[736.31, 128.73, 783.96, 809.03]"
684,Raising Cain 11.10 a.m.png,11,10,"[722.3, 784.87, 161.74, 189.87]"
685,Raising Cain 11.24 a.m.png,11,24,"[560.04, 93.14, 759.99, 623.92]"
686,Ransom 2.29 a.m.png,2,29,"[806.6, 394.96, 211.83, 200.91]"
687,Raw Deal 11.27 p.m.png,11,27,"[548.81, 346.25, 393.95, 414.7]"
688,Raw Deal 11.28 p.m.png,11,28,"[534.93, 362.53, 391.32, 425.05]"
689,Raw Deal 12.13 a.m.png,12,13,"[316.48, 167.13, 768.09, 805.86]"
690,Raw Deal 12.25 a.m.png,12,25,"[453.59, 261.84, 567.33, 552.67]"
691,Ray 5.08 p.m.png,5,8,"[333.78, 134.81, 565.31, 612.55]"
692,Rear Window 1.55 a.m.png,1,55,"[552.03, 228.51, 639.96, 651.24]"
693,Rear Window 2.35 a.m.png,2,35,"[537.62, 185.62, 704.36, 704.54]"
694,Rebecca 5.12 p.m.png,5,12,"[346.77, 227.27, 280.06, 364.4]"
695,Rebecca 11.57 a.m.png,11,57,"[402.37, 159.31, 272.86, 292.24]"
696,Repulsion 7.05 p.m.png,7,5,"[760.29, 110.07, 566.56, 584.22]"
697,Repulsion 8.52 p.m.png,8,52,"[853.45, 507.97, 187.54, 269.75]"
698,Repulsion 12.27 a.m.png,12,27,"[689.85, 255.15, 454.49, 675.36]"
699,Rififi 1.02 a.m.png,1,2,"[439.92, 398.33, 293.29, 356.4]"
700,Rififi 2.47 a.m.png,2,47,"[534.28, 304.86, 229.82, 194.55]"
701,Rififi 3.05 a.m.png,3,5,"[619.71, 455.48, 200.97, 247.55]"
702,Rififi 4.20 a.m. 2.png,4,20,"[471.56, 228.0, 436.36, 540.85]"
703,Risky Business 3.29 p.m.png,3,29,"[376.15, 106.5, 640.1, 640.63]"
704,Road House 8.19 p.m.png,8,19,"[360.4, 267.63, 492.1, 492.94]"
705,Romancing the Stone 12.10 p.m. 1.png,12,10,"[887.22, 137.19, 330.15, 417.57]"
706,Rose Red 4.00 a.m.png,4,0,"[218.34, 60.96, 319.16, 345.48]"
707,Rosemary's Baby 9.30 p.m.png,9,30,"[1509.43, 663.21, 286.25, 172.78]"
708,Run Lola Run 11.40 a.m.png,11,40,"[716.4, 383.59, 125.56, 167.42]"
709,Run Lola Run 11.50 a.m.png,11,50,"[1233.7, 209.5, 264.35, 374.57]"
710,Run Lola Run 11.57 a.m. 1.png,11,57,"[710.65, 279.89, 502.83, 559.14]"
711,Run Lola Run 11.57 a.m. 2.png,11,57,"[800.79, 447.0, 272.5, 189.56]"
712,Run Lola Run 11.57 a.m. 3.png,11,57,"[317.2, 57.72, 1167.93, 972.35]"
713,Run Lola Run 11.59 a.m.png,11,59,"[227.27, 20.26, 1453.51, 1007.49]"
714,Runaway Jury 9.23 a.m.png,9,23,"[1068.47, 205.22, 235.36, 233.36]"
715,Sabotage 1.31 p.m.png,1,31,"[263.95, 18.11, 815.25, 770.59]"
716,Sabotage 1.35 p.m.png,1,35,"[410.2, 231.67, 556.47, 507.9]"
717,Sabotage 1.45 p.m.png,1,45,"[508.95, 264.2, 361.53, 540.64]"
718,Sabotage 10.54 a.m.png,10,54,"[408.44, 342.07, 265.58, 358.95]"
719,Safe 8.15 a.m.png,8,15,"[223.42, 303.46, 244.61, 264.5]"
720,Safety Last! 1.44 p.m.png,1,44,"[553.5, 239.86, 527.7, 491.88]"
721,Safety Last! 2.45 p.m.png,2,45,"[431.46, 1.04, 241.49, 401.09]"
722,Safety Last! 7.52 a.m.png,7,52,"[605.27, 287.59, 442.23, 491.74]"
723,Safety Last! 8.10 a.m.png,8,10,"[925.08, 691.28, 233.73, 242.62]"
724,Saw 1.07 a.m.png,1,7,"[558.09, 125.3, 852.66, 829.35]"
725,Saw 10.21 p.m.png,10,21,"[556.75, 117.16, 664.95, 685.5]"
726,Saw 10.35 p.m.png,10,35,"[390.43, 63.2, 1090.2, 981.14]"
727,Saw 12.05 a.m.png,12,5,"[554.04, 135.77, 839.32, 821.14]"
728,Saw II 7.29 p.m.png,7,29,"[958.39, 332.72, 476.81, 470.34]"
729,Saw II 8.23 p.m.png,8,23,"[784.47, 147.3, 589.46, 598.2]"
730,Scarface 1.32 a.m.png,1,32,"[522.73, 8.69, 949.45, 794.63]"
731,Scarface 11.06 p.m.png,11,6,"[601.14, 4.04, 878.96, 802.61]"
732,Scorpio 7.00 p.m.png,7,0,"[837.61, 306.24, 496.61, 444.47]"
733,Scream 5.45 p.m.png,5,45,"[481.05, 201.83, 636.24, 596.91]"
734,Scream 7.16 p.m.png,7,16,"[910.17, 433.32, 379.29, 360.26]"
735,Scrooge 4.45 p.m.png,4,45,"[427.14, 179.66, 396.08, 385.9]"
736,Scrooge 5.53 p.m.png,5,53,"[692.41, 428.87, 96.57, 98.62]"
737,Scrooge 10.20 p.m.png,10,20,"[525.16, 296.84, 456.29, 531.19]"
738,Scrooged 12.00 p.m. 1.png,12,0,"[545.45, 218.78, 645.22, 701.33]"
739,Searching for Bobby Fischer 2.18 p.m.png,2,18,"[1157.15, 637.23, 164.54, 158.53]"
740,Seconds 11.59 a.m.png,11,59,"[406.66, 214.22, 743.25, 710.57]"
741,Secret Honor 10.30 p.m.png,10,30,"[495.19, 245.25, 533.1, 541.24]"
742,Secret Honor 11.30 p.m.png,11,30,"[370.89, 168.13, 673.42, 703.37]"
743,Secret Window 10.15 a.m. 1.png,10,15,"[914.32, 6.61, 489.96, 557.29]"
744,Secret Window 10.26 a.m.png,10,26,"[509.52, 207.96, 446.41, 429.71]"
745,Seven Days to Noon 3.32 a.m.png,3,32,"[577.52, 337.0, 333.37, 411.35]"
746,Seven Days to Noon 9.30 p.m.png,9,30,"[484.69, 89.5, 495.66, 709.83]"
747,Seven Days to Noon 9.31 p.m.png,9,31,"[1118.6, 108.26, 294.22, 304.27]"
748,Seven Days to Noon 10.31 a.m. 1.png,10,31,"[512.45, 95.68, 516.41, 713.74]"
749,Seven Days to Noon 11.13 a.m.png,11,13,"[399.02, 29.24, 622.74, 896.89]"
750,Seven Days to Noon 11.13 p.m.png,11,13,"[595.51, 322.49, 321.77, 393.34]"
751,Seven Days to Noon 11.45 a.m.png,11,45,"[731.0, 674.21, 227.94, 213.81]"
752,Seven Days to Noon 11.49 a.m.png,11,49,"[505.93, 388.26, 350.6, 325.56]"
753,Seven Days to Noon 11.55 a.m.png,11,55,"[307.4, 204.28, 706.41, 656.64]"
754,Seven Days to Noon 11.57 a.m.png,11,57,"[168.97, 39.71, 1098.66, 1025.45]"
755,Seven Days to Noon 12.59 p.m.png,12,59,"[349.44, 71.3, 542.1, 628.31]"
756,Sex and the City (2008) 10.04 a.m.png,10,4,"[828.18, 348.36, 327.33, 327.29]"
757,Shadow of a Doubt 8.57 p.m.png,8,57,"[831.23, 447.72, 120.71, 255.69]"
758,Shadowlands 1.20 p.m.png,1,20,"[994.68, 2.11, 109.15, 102.46]"
759,Shall We Dance 7.34 a.m.png,7,34,"[529.66, 407.71, 437.45, 384.12]"
760,Shanghai Express 5.57 a.m.png,5,57,"[438.34, 112.33, 545.61, 857.64]"
761,Shanghai Express 12.03 a.m.png,12,3,"[462.26, 101.81, 582.0, 911.66]"
762,Shanghai Express 12.37 a.m.png,12,37,"[233.69, 5.56, 999.87, 815.81]"
763,Shanghai Knights 11.24 p.m.png,11,24,"[664.84, 36.83, 437.66, 448.69]"
764,Shanghai Knights 11.41 p.m.png,11,41,"[867.71, 297.63, 517.24, 406.4]"
765,Shanghai Knights 12.00 a.m.png,12,0,"[649.09, 68.74, 679.78, 672.59]"
766,Shanghai Knights 12.12 a.m.png,12,12,"[539.98, 23.31, 891.72, 769.78]"
767,She's the One 11.25 a.m.png,11,25,"[1221.09, 609.05, 134.1, 132.23]"
768,Sherlock Holmes 11.50 a.m.png,11,50,"[985.87, 210.57, 458.23, 511.83]"
769,Sherlock Holmes 11.57 a.m.png,11,57,"[737.17, 382.93, 470.44, 451.96]"
770,Sherlock Holmes Faces Death 2.09 a.m.png,2,9,"[516.55, 371.87, 383.61, 372.9]"
771,Sherlock Holmes Faces Death 10.39 p.m.png,10,39,"[657.45, 262.82, 117.51, 138.06]"
772,Sherlock Holmes Faces Death 11.40 a.m.png,11,40,"[1098.43, 168.01, 78.71, 76.4]"
773,Sherlock Holmes Faces Death 12.08 a.m.png,12,8,"[134.45, 295.79, 454.44, 405.28]"
774,Sherlock Holmes Faces Death 12.20 p.m.png,12,20,"[473.52, 156.66, 463.45, 499.72]"
775,Shooter 1.43 p.m.png,1,43,"[504.57, 599.58, 117.54, 143.67]"
776,Shooter 3.34 p.m. 2.png,3,34,"[938.09, 330.92, 79.83, 69.35]"
777,Sid and Nancy 11.58 p.m.png,11,58,"[1501.67, 219.68, 192.01, 207.28]"
778,Sideways 2.26 p.m.png,2,26,"[154.64, 32.28, 148.35, 144.13]"
779,Since You Went Away 4.26 p.m.png,4,26,"[0.57, 36.79, 1324.42, 1036.36]"
780,Since You Went Away 12.03 a.m. 1.png,12,3,"[356.87, 227.94, 831.29, 833.62]"
781,Slaughterhouse-Five 11.40 a.m.png,11,40,"[490.31, 170.72, 234.2, 214.94]"
782,Slumdog Millionaire 5.15 p.m. 1.png,5,15,"[341.47, 1.45, 1220.52, 806.55]"
783,Sneakers 1.00 a.m.png,1,0,"[716.76, 303.67, 411.39, 329.6]"
784,Snow Falling on Cedars 1.14 a.m.png,1,14,"[585.44, 238.09, 422.19, 305.46]"
785,Somewhere in Time 11.20 p.m.png,11,20,"[898.75, 235.98, 536.5, 489.8]"
786,Sorcerer 8.20 p.m.png,8,20,"[652.98, 132.42, 831.0, 783.94]"
787,"Sorry, Wrong Number 6.27 p.m.png",6,27,"[486.89, 230.68, 516.57, 620.36]"
788,"Sorry, Wrong Number 11.00 p.m.png",11,0,"[673.16, 391.96, 193.86, 233.15]"
789,"Sorry, Wrong Number 11.10 p.m.png",11,10,"[675.91, 4.67, 312.41, 320.93]"
790,Spanglish 2.06 p.m.png,2,6,"[479.58, 142.67, 144.2, 246.71]"
791,Spanglish 12.00 p.m.png,12,0,"[586.66, 49.41, 943.31, 976.03]"
792,Spider-Man 2 1.51 p.m. 2.png,1,51,"[717.39, 164.69, 325.98, 327.87]"
793,Spider-Man 2 1.56 p.m.png,1,56,"[988.94, 366.72, 219.94, 164.45]"
794,Spider-Man 2 1.57 p.m.png,1,57,"[583.0, 48.04, 934.25, 739.62]"
795,Spider-Man 2 2.03 p.m.png,2,3,"[1238.95, 53.38, 589.08, 583.15]"
796,Spies 3.04 p.m.png,3,4,"[940.83, 617.62, 365.85, 344.86]"
797,Spies 5.53 p.m.png,5,53,"[281.73, 154.64, 861.15, 745.02]"
798,Spies 5.56 p.m.png,5,56,"[284.85, 163.4, 860.7, 746.42]"
799,Spies 5.58 p.m.png,5,58,"[276.43, 138.65, 860.06, 746.35]"
800,Spies 6.00 p.m.png,6,0,"[278.03, 141.13, 860.16, 744.84]"
801,Stage Fright 3.05 p.m.png,3,5,"[749.61, 298.43, 65.4, 65.31]"
802,Still Smokin 12.21 p.m.png,12,21,"[747.88, 100.12, 150.99, 156.14]"
803,Strangers on a Train 9.29 p.m.png,9,29,"[374.47, 211.04, 715.24, 660.2]"
804,Sudden Fear 2.25 a.m.png,2,25,"[185.52, 22.8, 1045.46, 1044.61]"
805,Sudden Fear 6.45 a.m.png,6,45,"[695.75, 396.77, 230.95, 222.79]"
806,Sudden Fear 10.47 p.m.png,10,47,"[272.35, 18.0, 1053.4, 1044.13]"
807,Sudden Fear 11.53 p.m.png,11,53,"[571.51, 407.92, 311.28, 310.13]"
808,Suture 5.50 a.m.png,5,50,"[642.87, 381.57, 283.36, 277.25]"
809,Suture 6.15 p.m.png,6,15,"[962.78, 326.13, 206.42, 219.9]"
810,"Synecdoche, New York 8.15 a.m.png",8,15,"[630.29, 104.12, 443.29, 500.07]"
811,Take the Money and Run 1.49 p.m.png,1,49,"[870.59, 214.35, 112.95, 59.46]"
812,Taken 3.18 a.m. 2.png,3,18,"[1297.56, 296.38, 286.23, 345.48]"
813,Talk to Me 1.59 a.m.png,1,59,"[412.4, 1.72, 448.51, 477.44]"
814,Tell No One 11.28 a.m.png,11,28,"[680.02, 222.97, 438.36, 442.32]"
815,Tell No One 11.36 a.m.png,11,36,"[606.87, 241.13, 258.42, 260.75]"
816,Ten Minutes Older The Trumpet 3.20 p.m.png,3,20,"[320.31, 35.81, 105.01, 110.69]"
817,Ten Minutes Older The Trumpet 3.22 p.m.png,3,22,"[157.61, 94.5, 268.16, 217.92]"
818,Ten Minutes Older The Trumpet 3.27 p.m.png,3,27,"[116.48, 1.24, 412.03, 409.97]"
819,Ten Minutes Older The Trumpet 3.29 p.m.png,3,29,"[292.75, 187.82, 91.74, 89.3]"
820,Ten Minutes Older The Trumpet 3.40 p.m.png,3,40,"[307.57, 117.22, 119.07, 119.05]"
821,Ten Minutes Older The Trumpet 3.51 p.m.png,3,51,"[306.76, 116.62, 119.39, 119.34]"
822,Teorema 5.34 p.m.png,5,34,"[1225.83, 48.7, 76.45, 72.67]"
823,Terminal Station 8.20 a.m.png,8,20,"[612.34, 57.92, 250.31, 475.66]"
824,Terminal Station 8.25 a.m.png,8,25,"[398.39, 130.62, 848.72, 667.38]"
825,Terminal Station 8.26 a.m.png,8,26,"[318.32, 129.47, 970.68, 758.8]"
826,Terminal Station 8.27 a.m.png,8,27,"[99.84, 0.0, 1335.85, 1065.87]"
827,Tess 6.28 a.m.png,6,28,"[384.29, 1.15, 472.98, 485.94]"
828,"The 1,000 Eyes of Dr. Mabuse 4.00 p.m.png",4,0,"[474.95, 175.67, 873.11, 884.65]"
829,"The 1,000 Eyes of Dr. Mabuse 8.38 p.m.png",8,38,"[725.56, 437.28, 298.2, 373.26]"
830,"The 1,000 Eyes of Dr. Mabuse 9.13 p.m.png",9,13,"[1421.14, 159.95, 250.71, 251.95]"
831,The Accused 9.53 a.m.png,9,53,"[616.26, 159.19, 384.33, 504.8]"
832,The Accused 11.16 a.m.png,11,16,"[625.0, 165.81, 383.94, 503.05]"
833,The Addams Family 9.00 a.m.png,9,0,"[336.04, 0.0, 1265.24, 999.05]"
834,The Apartment 5.19 p.m.png,5,19,"[695.74, 94.43, 572.48, 556.03]"
835,The Apartment 8.46 a.m.png,8,46,"[1454.6, 131.63, 321.92, 307.75]"
836,The Aviator's Wife 1.57 p.m.png,1,57,"[716.14, 414.11, 350.74, 329.61]"
837,The Awful Truth 8.00 a.m.png,8,0,"[234.66, 12.2, 1043.62, 998.67]"
838,The Awful Truth 11.30 p.m.png,11,30,"[602.35, 367.94, 124.44, 126.77]"
839,The Awful Truth 11.44 p.m.png,11,44,"[552.21, 257.59, 453.99, 505.43]"
840,The Bank Job 10.54 a.m.png,10,54,"[1326.25, 117.27, 422.68, 438.26]"
841,The Bank Job 10.59 a.m.png,10,59,"[626.98, 296.81, 271.57, 209.37]"
842,The Bank Job 11.04 a.m.png,11,4,"[384.7, 21.16, 1225.5, 777.45]"
843,The Believer 6.20 p.m.png,6,20,"[683.03, 215.47, 527.28, 513.93]"
844,The Believer 7.20 p.m.png,7,20,"[578.24, 93.37, 706.23, 672.45]"
845,The Believer 7.25 p.m.png,7,25,"[592.89, 134.62, 680.82, 652.98]"
846,The Big Clock 2.28 p.m.png,2,28,"[1.77, 51.08, 1300.68, 974.05]"
847,The Black Cannon Incident 1.01 p.m.png,1,1,"[289.86, 454.18, 400.84, 404.56]"
848,The Black Cannon Incident 2.16 p.m.png,2,16,"[603.65, 39.28, 605.92, 391.05]"
849,The Black Cannon Incident 3.57 p.m.png,3,57,"[583.17, 38.58, 628.02, 423.85]"
850,The Black Cannon Incident 3.58 p.m.png,3,58,"[581.16, 41.12, 701.11, 452.43]"
851,The Black Cannon Incident 9.42 a.m.png,9,42,"[589.78, 48.34, 654.57, 432.4]"
852,The Black Cannon Incident 11.07 a.m.png,11,7,"[357.93, 42.75, 1060.75, 687.17]"
853,The Black Cannon Incident 11.21 a.m.png,11,21,"[705.54, 31.1, 441.79, 293.11]"
854,The Black Dahlia 11.48 a.m.png,11,48,"[886.85, 107.62, 123.07, 124.64]"
855,The Bodyguard 7.41 p.m.png,7,41,"[1261.06, 15.16, 653.94, 658.69]"
856,The Breakfast Club 6.56 a.m.png,6,56,"[830.95, 108.67, 826.57, 803.06]"
857,The Breakfast Club 7.44 a.m.png,7,44,"[479.97, 53.16, 966.0, 952.78]"
858,The Breakfast Club 10.22 a.m.png,10,22,"[484.77, 56.71, 963.39, 949.8]"
859,The Captain's Paradise 11.09 a.m.png,11,9,"[1165.31, 36.1, 182.6, 179.22]"
860,The Cat and the Canary 11.56 p.m.png,11,56,"[161.47, 121.54, 258.06, 266.06]"
861,The Cincinnati Kid 8.06 p.m.png,8,6,"[711.5, 345.17, 374.64, 417.03]"
862,The Cincinnati Kid 12.14 a.m.png,12,14,"[748.07, 260.71, 388.37, 361.45]"
863,The Consequences of Love 3.31 p.m.png,3,31,"[327.15, 45.97, 230.69, 268.83]"
864,The Consequences of Love 4.03 p.m.png,4,3,"[299.26, 2.66, 399.41, 416.33]"
865,The Consequences of Love 4.34 p.m.png,4,34,"[392.27, 275.07, 120.76, 128.22]"
866,The Consequences of Love 5.52 a.m.png,5,52,"[868.37, 1.01, 105.5, 116.6]"
867,The Consequences of Love 8.30 a.m.png,8,30,"[105.41, 309.83, 120.22, 120.47]"
868,The Counterfeiters of Paris 1.00 p.m.png,1,0,"[573.13, 357.34, 416.49, 415.14]"
869,The Counterfeiters of Paris 2.01 p.m.png,2,1,"[828.46, 282.01, 168.41, 202.72]"
870,The Counterfeiters of Paris 4.00 p.m. 1.png,4,0,"[836.2, 496.78, 120.32, 122.76]"
871,The Counterfeiters of Paris 4.47 p.m. 1.png,4,47,"[721.39, 243.26, 158.59, 209.58]"
872,The Counterfeiters of Paris 5.23 p.m.png,5,23,"[436.14, 698.11, 153.16, 138.94]"
873,The Counterfeiters of Paris 8.33 a.m.png,8,33,"[710.32, 490.64, 344.5, 297.17]"
874,The Counterfeiters of Paris 12.10 p.m.png,12,10,"[792.48, 187.22, 469.53, 393.22]"
875,The Counterfeiters of Paris 12.20 p.m.png,12,20,"[741.96, 526.86, 254.63, 196.58]"
876,The Curious Case of Benjamin Button 1.57 a.m.png,1,57,"[128.19, 69.95, 198.73, 192.07]"
877,The Curious Case of Benjamin Button 5.32 p.m.png,5,32,"[857.62, 158.39, 162.8, 172.14]"
878,The Curious Case of Benjamin Button 9.55 a.m.png,9,55,"[154.05, 73.12, 395.23, 496.11]"
879,The Da Vinci Code 5.30 a.m.png,5,30,"[844.81, 289.96, 98.78, 96.18]"
880,The Day After 3.38 p.m. 1.png,3,38,"[803.45, 376.66, 281.23, 322.33]"
881,The Day After 3.39 p.m.png,3,39,"[591.21, 118.96, 847.67, 856.45]"
882,The Day of the Jackal 2.32 a.m.png,2,32,"[774.53, 170.42, 762.23, 731.57]"
883,The Day of the Jackal 3.01 a.m.png,3,1,"[530.05, 104.16, 526.37, 639.18]"
884,The Day of the Jackal 3.57 a.m.png,3,57,"[970.18, 122.62, 418.06, 519.25]"
885,The Day of the Jackal 4.46 a.m.png,4,46,"[591.9, 123.63, 526.65, 639.14]"
886,The Day of the Jackal 6.22 p.m. 1.png,6,22,"[428.9, 44.73, 648.3, 883.98]"
887,The Day of the Jackal 7.00 p.m.png,7,0,"[852.13, 368.41, 364.12, 369.07]"
888,The Day of the Jackal 7.06 p.m.png,7,6,"[650.9, 2.05, 1092.96, 1012.49]"
889,The Day of the Jackal 9.17 a.m.png,9,17,"[690.22, 142.78, 549.99, 580.37]"
890,The Day of the Jackal 9.44 a.m.png,9,44,"[741.39, 76.03, 166.16, 215.68]"
891,The Day of the Jackal 9.54 p.m.png,9,54,"[817.47, 321.48, 533.36, 619.03]"
892,The Day of the Jackal 10.30 a.m.png,10,30,"[643.0, 33.45, 137.89, 183.4]"
893,The Day of the Jackal 10.57 a.m.png,10,57,"[722.47, 441.57, 199.86, 237.3]"
894,The Day of the Jackal 11.00 a.m.png,11,0,"[1724.27, 111.73, 184.45, 176.96]"
895,The Day of the Locust 3.10 p.m.png,3,10,"[873.35, 422.49, 495.58, 467.74]"
896,The Day the Earth Caught Fire 11.50 a.m.png,11,50,"[1107.6, 148.3, 188.14, 198.07]"
897,The Day the Earth Caught Fire 11.55 a.m.png,11,55,"[754.19, 22.94, 495.78, 662.8]"
898,The Devil Wears Prada 6.16 a.m.png,6,16,"[432.1, 336.99, 357.96, 415.22]"
899,The Devil's Brigade 3.29 p.m. 1.png,3,29,"[1131.4, 0.41, 163.51, 116.8]"
900,The Devil's Brigade 9.00 a.m.png,9,0,"[536.76, 227.25, 645.74, 555.61]"
901,The Dish 7.15 a.m.png,7,15,"[1070.99, 152.44, 72.17, 78.48]"
902,The Dish 12.51 p.m.png,12,51,"[534.03, 162.53, 769.76, 828.46]"
903,The Dish 12.55 p.m.png,12,55,"[434.8, 43.33, 929.29, 1010.61]"
904,The Elephant Man 8.31 a.m.png,8,31,"[1107.11, 336.6, 334.38, 259.55]"
905,The Evil Dead 5.52 p.m.png,5,52,"[406.52, 3.61, 1110.26, 1024.82]"
906,The Exorcism of Emily Rose 3.00 a.m. 1.png,3,0,"[450.62, 7.07, 859.52, 778.11]"
907,The Exorcist 12.06 p.m.png,12,6,"[522.32, 53.15, 691.85, 980.49]"
908,The Fifth Cord 10.44 p.m.png,10,44,"[462.96, 51.85, 969.42, 971.4]"
909,The Fifth Cord 11.02 p.m.png,11,2,"[542.13, 112.11, 788.19, 859.05]"
910,The Fire Within 9.05 p.m.png,9,5,"[1240.06, 693.89, 129.88, 121.56]"
911,The First Great Train Robbery 2.30 a.m.png,2,30,"[760.1, 260.27, 683.21, 681.35]"
912,The Flower of My Secret 10.14 a.m.png,10,14,"[1590.66, 355.64, 243.14, 246.22]"
913,The Fog (1980) 5.35 p.m.png,5,35,"[982.85, 178.46, 471.37, 510.44]"
914,The Fog (1980) 9.49 p.m.png,9,49,"[1360.24, 147.87, 355.8, 386.81]"
915,The Fog (1980) 12.04 a.m. 2.png,12,4,"[1223.36, 5.19, 218.83, 206.31]"
916,The Fortune Cookie 7.17 p.m.png,7,17,"[1504.89, 1.74, 155.4, 165.07]"
917,The Gentle Gunman 11.26 p.m.png,11,26,"[317.04, 119.26, 211.17, 205.88]"
918,The Gentle Gunman 11.29 p.m.png,11,29,"[170.8, 9.66, 367.88, 440.73]"
919,The Getaway 8.35 a.m.png,8,35,"[875.38, 192.43, 223.05, 218.91]"
920,The Getaway 8.52 a.m.png,8,52,"[550.41, 269.43, 482.35, 486.08]"
921,The Getaway 9.01 a.m.png,9,1,"[815.87, 200.29, 310.42, 274.17]"
922,The Getaway 9.06 a.m.png,9,6,"[493.19, 90.34, 431.61, 407.29]"
923,The Gift 1.17 p.m.png,1,17,"[1596.56, 15.44, 150.49, 153.06]"
924,The Gift 1.28 a.m. 2.png,1,28,"[514.03, 118.42, 915.96, 851.83]"
925,The Gift 10.07 p.m.png,10,7,"[739.07, 516.25, 200.86, 200.89]"
926,The Girl Chewing Gum 1.11 p.m.png,1,11,"[291.14, 191.15, 131.65, 219.97]"
927,The Girl Chewing Gum 1.16 p.m.png,1,16,"[308.79, 188.5, 131.91, 216.8]"
928,The Glass Key 4.35 p.m. 1.png,4,35,"[832.15, 377.69, 182.2, 264.18]"
929,The Glass Key 4.35 p.m. 2.png,4,35,"[83.15, 120.28, 111.74, 135.83]"
930,The Green Mile 2.27 a.m.png,2,27,"[380.64, 330.51, 157.44, 160.01]"
931,The Green Mile 2.32 a.m.png,2,32,"[420.26, 195.27, 877.26, 824.84]"
932,The Gunfighter 7.49 a.m.png,7,49,"[466.01, 218.93, 247.22, 356.25]"
933,The Gunfighter 9.56 a.m.png,9,56,"[493.7, 294.15, 518.05, 566.14]"
934,The Hoax 12.38 p.m.png,12,38,"[325.65, 127.03, 214.29, 215.5]"
935,The Hoax 12.59 p.m.png,12,59,"[617.14, 141.69, 744.85, 739.79]"
936,The Honey Pot 3.00 a.m. 1.png,3,0,"[667.11, 189.95, 640.66, 652.78]"
937,The Honey Pot 3.00 a.m. 2.png,3,0,"[836.95, 408.35, 176.05, 179.0]"
938,The Honey Pot 10.59 p.m. 2.png,10,59,"[771.51, 452.5, 314.35, 310.9]"
939,The Hudsucker Proxy 5.00 p.m. 1.png,5,0,"[424.82, 64.73, 1058.85, 805.38]"
940,The Hudsucker Proxy 11.59 a.m. 1.png,11,59,"[963.1, 262.45, 527.41, 482.25]"
941,The Hustler 1.32 a.m.png,1,32,"[659.18, 175.84, 488.35, 464.43]"
942,The Hustler 4.00 a.m.png,4,0,"[671.01, 348.2, 326.28, 314.32]"
943,The Hustler 8.00 p.m.png,8,0,"[887.52, 235.0, 181.32, 186.37]"
944,The Innocents 1.59 p.m.png,1,59,"[781.69, 1.3, 760.39, 727.46]"
945,The Insider 11.26 a.m.png,11,26,"[1315.9, 78.48, 335.99, 400.59]"
946,The Ipcress File 8.01 a.m.png,8,1,"[1450.25, 128.56, 370.49, 584.09]"
947,The Ladykillers (1955) 12.59 p.m.png,12,59,"[391.13, 227.45, 735.58, 671.41]"
948,The Last Laugh 9.34 a.m.png,9,34,"[623.52, 243.82, 351.23, 302.02]"
949,The Life of David Gale 4.24 p.m.png,4,24,"[560.79, 239.15, 310.33, 296.78]"
950,The Life of David Gale 4.50 p.m. 1.png,4,50,"[550.03, 106.58, 509.72, 495.03]"
951,The Life of David Gale 4.50 p.m. 2.png,4,50,"[284.82, 48.64, 404.91, 367.56]"
952,The Life of David Gale 5.04 p.m.png,5,4,"[649.7, 126.1, 608.59, 559.64]"
953,The Life of David Gale 5.41 p.m.png,5,41,"[426.38, 116.25, 453.56, 462.04]"
954,The Life of David Gale 6.01 p.m.png,6,1,"[809.44, 360.66, 297.09, 277.11]"
955,The Life of David Gale 6.17 p.m. 1.png,6,17,"[649.05, 98.63, 618.64, 616.44]"
956,The Life of David Gale 6.17 p.m. 2.png,6,17,"[579.37, 22.9, 601.65, 707.54]"
957,The Lost Weekend 3.54 p.m.png,3,54,"[278.44, 161.37, 677.14, 806.98]"
958,The Lost Weekend 12.40 p.m.png,12,40,"[349.35, 426.15, 420.48, 476.04]"
959,The Loveless 8.07 a.m.png,8,7,"[874.57, 1.64, 782.42, 764.81]"
960,The Loveless 9.06 a.m.png,9,6,"[748.79, 10.16, 776.82, 777.0]"
961,The Machinist 1.30 a.m.png,1,30,"[748.57, 194.73, 353.92, 400.48]"
962,The Man Who Knew Too Little 11.59 p.m.png,11,59,"[361.81, 23.18, 1170.98, 1016.01]"
963,The Man Who Wasn't There 4.40 p.m.png,4,40,"[827.54, 67.71, 389.36, 840.72]"
964,The Man in Grey 8.44 p.m.png,8,44,"[694.05, 667.41, 164.07, 178.5]"
965,The Man with the Golden Gun 10.06 p.m.png,10,6,"[432.31, 112.54, 861.91, 899.75]"
966,The Mask 7.43 a.m.png,7,43,"[718.9, 128.89, 506.36, 503.61]"
967,The Matrix 6.43 p.m.png,6,43,"[1160.91, 261.35, 109.53, 180.03]"
968,The Matrix Reloaded 11.48 p.m.png,11,48,"[525.97, 92.66, 886.91, 700.08]"
969,The Mechanic 1.20 a.m.png,1,20,"[508.79, 44.33, 913.25, 926.77]"
970,The Mechanic 3.24 a.m.png,3,24,"[465.21, 290.82, 278.23, 321.13]"
971,The Mechanic 9.09 p.m.png,9,9,"[1287.64, 99.13, 330.7, 544.75]"
972,The Minus Man 12.26 p.m.png,12,26,"[80.28, 98.5, 171.36, 202.86]"
973,The Most Dangerous Game 3.30 a.m.png,3,30,"[458.57, 257.05, 612.57, 596.15]"
974,The Most Dangerous Game 3.59 a.m.png,3,59,"[484.41, 261.74, 615.16, 610.83]"
975,The Most Dangerous Game 8.00 p.m.png,8,0,"[533.96, 68.93, 344.1, 463.54]"
976,The Mothman Prophecies 2.23 a.m.png,2,23,"[801.35, 180.55, 506.2, 466.61]"
977,The Muppet Christmas Carol 12.54 a.m.png,12,54,"[1028.11, 117.12, 1512.91, 1853.23]"
978,The Natural 4.41 p.m.png,4,41,"[1025.54, 304.86, 399.45, 405.12]"
979,The Night of the Hunter 9.01 a.m.png,9,1,"[658.63, 460.53, 306.36, 308.81]"
980,The Number 23 2.15 p.m.png,2,15,"[644.97, 29.29, 438.77, 717.96]"
981,The Number 23 10.52 p.m.png,10,52,"[1394.45, 211.7, 185.74, 175.49]"
982,The Odessa File 3.24 a.m.png,3,24,"[196.6, 135.56, 822.05, 585.32]"
983,The Orphanage 5.01 a.m.png,5,1,"[242.15, 22.55, 698.4, 721.33]"
984,The Other 12.55 p.m.png,12,55,"[62.92, 18.06, 215.9, 215.19]"
985,The Outlaw 7.59 p.m.png,7,59,"[610.21, 293.93, 333.51, 352.43]"
986,The Palm Beach Story 11.53 a.m.png,11,53,"[365.73, 50.97, 757.91, 1013.87]"
987,The Paper 1.47 p.m.png,1,47,"[435.83, 243.88, 486.78, 538.54]"
988,The Paper 3.53 p.m.png,3,53,"[848.49, 2.89, 989.43, 970.12]"
989,The Paper 6.13 p.m.png,6,13,"[884.52, 3.02, 1002.19, 965.94]"
990,The Paper 7.00 p.m.png,7,0,"[59.65, 6.48, 1644.29, 1021.49]"
991,The Paper 7.27 p.m.png,7,27,"[218.25, 1.52, 1254.76, 1025.39]"
992,The Paper 8.25 p.m.png,8,25,"[1002.41, 134.02, 382.18, 383.16]"
993,The Paper 8.56 p.m.png,8,56,"[482.21, 539.17, 104.87, 98.79]"
994,The Paper 10.15 p.m.png,10,15,"[172.1, 374.63, 629.77, 647.71]"
995,The Paper 10.17 p.m.png,10,17,"[1450.65, 183.98, 183.85, 197.81]"
996,The Paper 12.04 a.m.png,12,4,"[532.44, 115.61, 809.81, 820.1]"
997,The Phantom of Liberty 1.03 a.m.png,1,3,"[702.04, 221.93, 664.98, 707.8]"
998,The Phantom of Liberty 2.04 a.m.png,2,4,"[1130.12, 596.84, 418.47, 447.16]"
999,The Phantom of Liberty 3.02 a.m.png,3,2,"[338.27, 15.45, 992.75, 1007.45]"
1000,The Phantom of Liberty 4.01 a.m.png,4,1,"[603.49, 23.67, 795.48, 901.48]"
1001,The Phantom of Liberty 10.33 p.m.png,10,33,"[598.27, 246.19, 527.99, 519.79]"
1002,The Prime of Miss Jean Brodie 4.15 p.m.png,4,15,"[1609.52, 82.4, 121.15, 172.44]"
1003,The Prime of Miss Jean Brodie 4.16 p.m.png,4,16,"[401.95, 10.78, 694.17, 739.1]"
1004,"The Prisoner ""It's Your Funeral"" 2.48 p.m. 1.png",2,48,"[395.45, 257.5, 576.08, 564.31]"
1005,"The Prisoner ""It's Your Funeral"" 2.48 p.m. 3.png",2,48,"[414.63, 336.9, 542.72, 518.36]"
1006,The Quick and the Dead 11.58 a.m. 1.png,11,58,"[271.14, 44.39, 1082.57, 982.08]"
1007,The Quick and the Dead 11.58 a.m. 2.png,11,58,"[436.48, 56.11, 1122.8, 969.04]"
1008,The Quick and the Dead 11.58 a.m. 3.png,11,58,"[708.62, 280.17, 654.18, 615.98]"
1009,The Quiet Earth 6.12 p.m.png,6,12,"[549.05, 231.8, 732.61, 716.77]"
1010,The Raven 10.30 p.m.png,10,30,"[480.05, 230.91, 550.61, 629.54]"
1011,The Raven 11.15 p.m.png,11,15,"[473.34, 272.84, 564.0, 497.39]"
1012,The Raven 11.19 p.m.png,11,19,"[247.76, 100.9, 924.33, 841.47]"
1013,The Raven 11.21 p.m.png,11,21,"[259.44, 122.44, 954.77, 837.54]"
1014,The Raven 11.25 p.m.png,11,25,"[274.67, 103.79, 943.79, 831.82]"
1015,The Raven 11.27 p.m.png,11,27,"[276.43, 108.93, 941.41, 828.41]"
1016,The Red Baron 8.56 a.m.png,8,56,"[611.32, 210.75, 369.21, 329.48]"
1017,The Red Shoes 8.03 a.m.png,8,3,"[257.12, 61.65, 545.08, 541.63]"
1018,The Red Shoes 11.57 p.m.png,11,57,"[616.3, 555.48, 236.38, 238.95]"
1019,The Return of the Pink Panther 8.10 p.m.png,8,10,"[897.11, 355.04, 130.19, 131.49]"
1020,The Sixth Sense 1.50 p.m.png,1,50,"[958.99, 75.92, 70.98, 71.71]"
1021,The Sixth Sense 3.39 p.m.png,3,39,"[1003.69, 261.46, 532.18, 501.4]"
1022,The Sixth Sense 5.45 p.m.png,5,45,"[911.73, 371.2, 75.73, 72.39]"
1023,The Slumber Party Massacre 7.12 a.m.png,7,12,"[398.21, 356.32, 348.54, 414.57]"
1024,The Snake Pit 4.39 p.m.png,4,39,"[904.99, 17.11, 121.85, 291.95]"
1025,The Snake Pit 6.29 p.m.png,6,29,"[622.75, 428.82, 140.98, 173.92]"
1026,The Spiral Staircase 6.44 p.m.png,6,44,"[744.29, 578.88, 375.99, 413.95]"
1027,The Sting 1.52 p.m.png,1,52,"[611.93, 142.27, 490.19, 531.18]"
1028,The Sting 2.24 p.m.png,2,24,"[1302.1, 262.24, 255.63, 269.89]"
1029,The Sting 2.46 p.m.png,2,46,"[964.39, 390.97, 500.9, 518.8]"
1030,The Stranger 2.31 p.m.png,2,31,"[267.45, 11.01, 308.52, 267.44]"
1031,The Stranger 11.00 p.m.png,11,0,"[401.26, 354.95, 637.29, 575.45]"
1032,The Stunt Man 1.35 a.m.png,1,35,"[336.62, 150.72, 855.69, 595.24]"
1033,The Stunt Man 1.39 a.m.png,1,39,"[1059.7, 659.01, 393.76, 307.53]"
1034,The Taking of Pelham 123 2.29 p.m.png,2,29,"[457.68, 4.25, 975.58, 754.53]"
1035,The Taking of Pelham 123 2.34 p.m.png,2,34,"[475.44, 3.83, 983.68, 737.9]"
1036,The Taking of Pelham 123 2.45 p.m.png,2,45,"[667.03, 5.57, 1045.92, 729.77]"
1037,The Taking of Pelham 123 3.08 p.m.png,3,8,"[958.94, 100.04, 611.08, 553.65]"
1038,The Taking of Pelham 123 3.12 p.m. 2.png,3,12,"[710.73, 3.79, 986.16, 751.39]"
1039,The Taking of Pelham One Two Three 1.58 p.m. 2.png,1,58,"[113.71, 4.47, 690.57, 625.35]"
1040,The Talented Mr. Ripley 10.27 a.m.png,10,27,"[78.53, 180.31, 119.63, 117.31]"
1041,The Talk of the Town 2.00 a.m.png,2,0,"[507.28, 377.37, 484.6, 498.96]"
1042,The Terminator 9.40 p.m.png,9,40,"[1312.2, 44.72, 267.74, 264.66]"
1043,The Thomas Crown Affair (1999) 9.07 p.m.png,9,7,"[1119.57, 101.24, 617.21, 685.34]"
1044,The Thomas Crown Affair (1999) 11.30 a.m.png,11,30,"[902.23, 249.6, 310.51, 292.98]"
1045,The Time Machine (1960) 6.32 p.m. 2.png,6,32,"[770.66, 402.57, 510.52, 440.53]"
1046,The Time Machine (1960) 7.57 p.m. 1.png,7,57,"[402.92, 201.58, 119.99, 126.47]"
1047,The Time Machine (1960) 8.00 p.m. 1.png,8,0,"[1519.96, 432.63, 143.99, 152.88]"
1048,The Time Machine (1960) 8.00 p.m. 4.png,8,0,"[81.65, 247.42, 129.91, 128.25]"
1049,The Time Machine (1960) 8.02 p.m.png,8,2,"[1355.98, 554.93, 211.45, 295.9]"
1050,The Time Machine (1960) 8.05 p.m.png,8,5,"[103.42, 2.7, 248.21, 244.73]"
1051,The Time Machine (1960) 8.09 p.m.png,8,9,"[1272.93, 644.94, 195.68, 278.47]"
1052,The Time Machine (1960) 9.22 p.m. 1.png,9,22,"[626.4, 106.73, 393.7, 416.9]"
1053,The Time Machine (1960) 9.28 a.m. 2.png,9,28,"[980.62, 176.84, 129.71, 141.09]"
1054,The Time Machine (2002) 5.53 p.m.png,5,53,"[950.79, 13.58, 137.39, 144.28]"
1055,The Tingler 1.00 a.m.png,1,0,"[731.71, 135.26, 103.0, 109.13]"
1056,The Tingler 8.28 p.m.png,8,28,"[674.47, 126.11, 667.83, 661.46]"
1057,The Train 9.17 a.m.png,9,17,"[1127.78, 112.48, 607.27, 590.58]"
1058,The Train 9.45 a.m.png,9,45,"[126.61, 484.72, 154.91, 151.97]"
1059,The Train 9.53 a.m.png,9,53,"[807.16, 154.65, 160.61, 172.46]"
1060,The Train 10.00 a.m.png,10,0,"[682.28, 406.68, 295.38, 314.69]"
1061,The Twilight Saga New Moon 12.00 p.m.png,12,0,"[771.36, 378.99, 581.2, 306.44]"
1062,"The Twilight Zone ""A Penny for Your Thoughts"" 9.10 a.m.png",9,10,"[891.93, 127.37, 165.15, 164.71]"
1063,"The Twilight Zone ""Four O'Clock"" 4.00 p.m.png",4,0,"[426.22, 230.84, 603.84, 576.22]"
1064,"The Twilight Zone ""In His Image"" 5.55 p.m. 2.png",5,55,"[561.12, 375.57, 325.94, 308.24]"
1065,"The Twilight Zone ""Miniature"" 1.35 p.m.png",1,35,"[339.6, 178.62, 729.64, 731.68]"
1066,"The Twilight Zone ""Mirror Image"" 2.06 a.m.png",2,6,"[821.05, 146.04, 87.48, 92.47]"
1067,"The Twilight Zone ""Mr. Bevis"" 8.58 a.m. 1.png",8,58,"[941.7, 125.38, 99.93, 106.35]"
1068,"The Twilight Zone ""Mr. Bevis"" 8.58 a.m. 2.png",8,58,"[660.81, 761.62, 285.87, 261.07]"
1069,"The Twilight Zone ""Mr. Dingle, the Strong"" 6.21 a.m.png",6,21,"[1071.99, 467.27, 108.6, 118.27]"
1070,"The Twilight Zone ""Mute"" 2.02 p.m.png",2,2,"[433.13, 164.51, 554.46, 678.02]"
1071,"The Twilight Zone ""Nick of Time"" 2.13 p.m.png",2,13,"[415.48, 243.16, 588.84, 551.33]"
1072,"The Twilight Zone ""Nick of Time"" 2.14 p.m.png",2,14,"[445.25, 259.79, 546.35, 550.18]"
1073,"The Twilight Zone ""Nick of Time"" 2.56 p.m.png",2,56,"[441.78, 215.42, 648.38, 691.37]"
1074,"The Twilight Zone ""Nick of Time"" 3.00 p.m.png",3,0,"[393.39, 189.32, 589.55, 667.91]"
1075,"The Twilight Zone ""Nick of Time"" 3.22 p.m.png",3,22,"[333.04, 210.17, 153.71, 164.44]"
1076,"The Twilight Zone ""Night Call"" 2.01 a.m.png",2,1,"[182.7, 198.1, 479.48, 430.17]"
1077,"The Twilight Zone ""Night Call"" 8.01 p.m.png",8,1,"[750.75, 264.26, 309.36, 405.37]"
1078,"The Twilight Zone ""Ninety Years Without Slumbering"" 2.17 p.m.png",2,17,"[190.84, 189.14, 1112.86, 787.16]"
1079,"The Twilight Zone ""Ninety Years Without Slumbering"" 3.10 a.m.png",3,10,"[559.63, 305.81, 281.2, 317.5]"
1080,"The Twilight Zone ""Ninety Years Without Slumbering"" 3.41 a.m.png",3,41,"[499.33, 303.23, 451.47, 447.14]"
1081,"The Twilight Zone ""Ninety Years Without Slumbering"" 3.50 a.m. 2.png",3,50,"[473.67, 264.49, 524.2, 537.25]"
1082,"The Twilight Zone ""Ninety Years Without Slumbering"" 6.10 p.m.png",6,10,"[126.87, 69.75, 191.81, 197.45]"
1083,"The Twilight Zone ""Ninety Years Without Slumbering"" 9.36 p.m.png",9,36,"[585.59, 151.17, 100.35, 111.11]"
1084,"The Twilight Zone ""Once Upon a Time"" 9.30 a.m.png",9,30,"[393.27, 141.44, 735.36, 688.65]"
1085,"The Twilight Zone ""Once Upon a Time"" 9.45 a.m.png",9,45,"[345.87, 294.62, 467.87, 475.07]"
1086,"The Twilight Zone ""Person or Persons Unknown"" 9.20 a.m. 1.png",9,20,"[453.22, 198.2, 620.22, 611.59]"
1087,"The Twilight Zone ""Printer's Devil"" 8.40 a.m.png",8,40,"[531.62, 167.13, 437.48, 440.56]"
1088,"The Twilight Zone ""Printer's Devil"" 10.15 p.m.png",10,15,"[336.45, 107.61, 787.38, 829.72]"
1089,"The Twilight Zone ""Printer's Devil"" 11.03 p.m.png",11,3,"[335.84, 126.54, 766.09, 842.18]"
1090,"The Twilight Zone ""Printer's Devil"" 11.25 p.m.png",11,25,"[402.07, 194.63, 671.81, 688.98]"
1091,"The Twilight Zone ""Printer's Devil"" 11.26 p.m.png",11,26,"[401.14, 194.84, 674.48, 689.43]"
1092,"The Twilight Zone ""Printer's Devil"" 11.27 p.m.png",11,27,"[394.81, 192.99, 683.15, 694.75]"
1093,"The Twilight Zone ""Printer's Devil"" 11.28 p.m.png",11,28,"[395.98, 189.18, 683.37, 696.5]"
1094,"The Twilight Zone ""Ring-a-Ding Girl"" 3.00 p.m. 1.png",3,0,"[576.09, 255.43, 429.92, 542.37]"
1095,"The Twilight Zone ""Shadow Play"" 11.46 p.m.png",11,46,"[622.92, 491.17, 200.26, 201.8]"
1096,"The Twilight Zone ""Shadow Play"" 11.57 p.m.png",11,57,"[324.78, 110.5, 787.74, 799.39]"
1097,"The Twilight Zone ""Shadow Play"" 11.58 p.m.png",11,58,"[322.66, 119.56, 782.06, 788.14]"
1098,"The Twilight Zone ""Shadow Play"" 12.00 a.m.png",12,0,"[313.44, 121.0, 790.48, 794.71]"
1099,"The Twilight Zone ""Sounds and Silences"" 2.29 p.m.png",2,29,"[1016.73, 214.17, 148.72, 177.65]"
1100,"The Twilight Zone ""Sounds and Silences"" 9.02 p.m.png",9,2,"[276.73, 131.58, 151.18, 156.96]"
1101,"The Twilight Zone ""The Incredible World of Horace Ford"" 9.33 p.m.png",9,33,"[308.55, 140.02, 824.01, 771.52]"
1102,"The Twilight Zone ""The Lateness of the Hour"" 7.27 p.m.png",7,27,"[415.34, 298.45, 373.34, 356.15]"
1103,"The Twilight Zone ""The Lateness of the Hour"" 10.21 p.m.png",10,21,"[205.13, 634.86, 192.74, 207.21]"
1104,"The Twilight Zone ""Time Enough at Last"" 12.00 p.m.png",12,0,"[655.77, 206.07, 218.06, 224.24]"
1105,"The Twilight Zone ""Twenty Two"" 8.11 p.m.png",8,11,"[334.15, 155.13, 734.0, 761.77]"
1106,"The Twilight Zone ""Twenty Two"" 12.11 a.m. 1.png",12,11,"[708.59, 669.65, 315.2, 304.25]"
1107,"The Twilight Zone ""You Drive"" 7.44 p.m.png",7,44,"[479.12, 204.93, 683.98, 725.17]"
1108,The United States of Leland 12.30 a.m.png,12,30,"[1167.19, 155.43, 402.14, 414.71]"
1109,The Untouchables 11.57 p.m. 1.png,11,57,"[769.17, 247.43, 380.74, 393.59]"
1110,The Vault of Horror 2.23 p.m.png,2,23,"[534.48, 289.99, 570.88, 628.88]"
1111,The Vault of Horror 2.25 p.m.png,2,25,"[544.09, 236.52, 595.02, 637.3]"
1112,The Vault of Horror 5.48 p.m. 1.png,5,48,"[652.86, 431.73, 218.45, 246.82]"
1113,The Virgin Suicides 10.45 p.m.png,10,45,"[482.01, 309.14, 900.06, 446.55]"
1114,The Wages of Fear 1.16 p.m.png,1,16,"[750.56, 320.46, 448.13, 479.72]"
1115,The Way We Were 3.33 p.m.png,3,33,"[1160.89, 5.01, 158.69, 167.18]"
1116,The Woman in the Window 1.20 a.m.png,1,20,"[1212.77, 345.91, 118.84, 117.52]"
1117,The Woman in the Window 2.35 a.m.png,2,35,"[1103.41, 307.6, 97.7, 96.92]"
1118,The Woman in the Window 3.02 a.m.png,3,2,"[477.89, 119.33, 192.98, 197.33]"
1119,The Woman in the Window 5.56 p.m.png,5,56,"[607.33, 247.19, 234.19, 266.67]"
1120,The Woman in the Window 9.04 p.m.png,9,4,"[323.62, 66.34, 699.7, 721.87]"
1121,The Woman in the Window 9.10 p.m.png,9,10,"[618.09, 271.75, 216.0, 225.73]"
1122,The Woman in the Window 10.01 p.m.png,10,1,"[103.61, 483.12, 220.7, 319.09]"
1123,The Woman in the Window 10.30 p.m.png,10,30,"[648.99, 198.4, 195.62, 223.32]"
1124,The Woman in the Window 12.57 a.m.png,12,57,"[1085.5, 290.25, 98.67, 100.32]"
1125,The World Is Not Enough 6.03 a.m.png,6,3,"[805.94, 266.25, 472.07, 396.81]"
1126,The World of Apu 5.55 a.m.png,5,55,"[612.22, 495.01, 137.38, 138.81]"
1127,The World of Apu 7.47 p.m.png,7,47,"[889.51, 167.64, 286.42, 261.95]"
1128,"The X-Files ""3"" 5.10 a.m.png",5,10,"[208.46, 37.38, 425.5, 377.66]"
1129,"The X-Files ""Humbug"" 7.15 a.m.png",7,15,"[797.38, 206.44, 747.13, 852.19]"
1130,"The X-Files ""One Breath"" 8.17 p.m.png",8,17,"[484.54, 113.42, 1017.26, 941.32]"
1131,"The X-Files ""Pilot"" 9.03 p.m.png",9,3,"[714.72, 241.36, 649.57, 537.25]"
1132,"The X-Files ""Red Museum"" 10.56 p.m.png",10,56,"[594.55, 272.69, 727.65, 599.29]"
1133,"The X-Files ""Soft Light"" 2.19 p.m.png",2,19,"[166.78, 2.54, 344.34, 1031.56]"
1134,"The X-Files ""Soft Light"" 11.14 p.m.png",11,14,"[231.89, 4.02, 821.22, 1066.53]"
1135,"The X-Files ""The Jersey Devil"" 7.54 p.m.png",7,54,"[652.15, 102.21, 609.82, 907.31]"
1136,"The X-Files ""Young at Heart"" 7.19 a.m.png",7,19,"[675.07, 319.36, 499.03, 539.26]"
1137,They Live by Night 7.30 a.m. 1.png,7,30,"[506.35, 80.45, 131.5, 181.58]"
1138,They Live by Night 7.30 a.m. 2.png,7,30,"[507.0, 82.46, 132.65, 183.71]"
1139,They Live by Night 7.58 a.m.png,7,58,"[585.3, 98.28, 238.87, 312.0]"
1140,This Gun for Hire 2.15 p.m.png,2,15,"[488.62, 705.93, 95.79, 135.12]"
1141,Three O'Clock High 1.05 p.m.png,1,5,"[433.65, 3.38, 1059.48, 1024.67]"
1142,Three O'Clock High 1.58 p.m.png,1,58,"[728.37, 10.49, 1171.98, 1009.17]"
1143,Three O'Clock High 7.30 a.m.png,7,30,"[504.52, 174.54, 922.87, 705.54]"
1144,Three O'Clock High 8.16 a.m.png,8,16,"[672.87, 219.51, 665.83, 635.47]"
1145,Three O'Clock High 9.59 a.m.png,9,59,"[207.45, 10.87, 952.99, 936.43]"
1146,Three O'Clock High 12.50 p.m.png,12,50,"[420.04, 10.18, 1066.97, 1018.23]"
1147,Thunderball 3.56 p.m.png,3,56,"[769.8, 308.58, 219.29, 192.65]"
1148,Thunderball 12.45 p.m.png,12,45,"[508.49, 102.57, 637.32, 605.73]"
1149,Thunderball 12.49 p.m. 1.png,12,49,"[358.82, 21.54, 796.31, 731.28]"
1150,Thunderball 12.49 p.m. 2.png,12,49,"[540.09, 307.58, 86.13, 74.0]"
1151,Thunderball 12.55 p.m.png,12,55,"[659.08, 254.02, 128.06, 132.56]"
1152,Thunderbolt and Lightfoot 10.29 p.m.png,10,29,"[604.9, 144.05, 534.08, 548.51]"
1153,Thunderbolt and Lightfoot 11.30 p.m.png,11,30,"[934.9, 50.34, 627.95, 703.22]"
1154,Thunderbolt and Lightfoot 11.32 p.m.png,11,32,"[536.11, 23.4, 888.6, 775.31]"
1155,Thursday 3.20 p.m.png,3,20,"[475.63, 56.87, 936.27, 939.9]"
1156,Thursday 4.09 p.m.png,4,9,"[471.57, 63.08, 937.02, 935.89]"
1157,Thursday 7.05 p.m. 1.png,7,5,"[663.13, 34.04, 894.16, 806.73]"
1158,Thursday 7.05 p.m. 2.png,7,5,"[15.98, 1.75, 1631.7, 1026.29]"
1159,Time After Time 2.27 p.m.png,2,27,"[556.53, 34.55, 710.95, 690.07]"
1160,Time After Time 3.21 p.m.png,3,21,"[887.5, 10.93, 184.33, 178.08]"
1161,Time After Time 5.33 p.m. 1.png,5,33,"[826.22, 16.05, 500.21, 444.47]"
1162,Time After Time 7.03 p.m.png,7,3,"[594.87, 208.8, 248.9, 233.55]"
1163,Time Without Pity 4.07 p.m.png,4,7,"[401.02, 103.74, 347.28, 360.41]"
1164,Time Without Pity 6.36 p.m.png,6,36,"[650.06, 110.59, 662.18, 569.21]"
1165,Time Without Pity 6.37 p.m.png,6,37,"[651.3, 112.5, 661.07, 569.68]"
1166,Timebomb 6.00 p.m. 2.png,6,0,"[763.56, 629.91, 389.85, 356.85]"
1167,Timebomb 6.00 p.m. 3.png,6,0,"[817.06, 299.11, 451.84, 589.09]"
1168,Timebomb 6.07 p.m.png,6,7,"[1041.97, 397.81, 379.79, 392.47]"
1169,Titanic 11.55 a.m.png,11,55,"[1125.11, 714.48, 732.49, 712.17]"
1170,"To Sir, with Love 4.42 a.m.png",4,42,"[790.42, 439.22, 299.58, 336.23]"
1171,Topaz 11.20 p.m.png,11,20,"[916.8, 381.74, 443.48, 471.21]"
1172,Tora! Tora! Tora! 7.10 a.m.png,7,10,"[674.52, 0.64, 162.73, 159.95]"
1173,Tora! Tora! Tora! 7.58 a.m.png,7,58,"[831.88, 210.34, 389.31, 376.89]"
1174,Tora! Tora! Tora! 11.03 a.m.png,11,3,"[777.47, 185.32, 388.81, 399.77]"
1175,Tora! Tora! Tora! 11.27 a.m.png,11,27,"[681.48, 3.37, 624.2, 645.25]"
1176,Trading Places 2.10 p.m.png,2,10,"[842.39, 536.38, 218.67, 168.5]"
1177,Trading Places 8.54 a.m.png,8,54,"[495.76, 51.27, 673.81, 653.3]"
1178,Trading Places 8.57 a.m. 2.png,8,57,"[494.76, 54.54, 672.02, 648.33]"
1179,Trading Places 8.59 a.m.png,8,59,"[418.76, 55.02, 958.37, 928.32]"
1180,Trading Places 9.00 a.m. 1.png,9,0,"[418.48, 56.84, 958.31, 928.1]"
1181,Transporter 2 2.47 p.m.png,2,47,"[639.97, 22.11, 759.04, 722.15]"
1182,Transporter 2 3.00 p.m.png,3,0,"[583.28, 165.59, 575.32, 561.23]"
1183,Trapped 3.31 p.m. 1.png,3,31,"[505.96, 286.81, 587.38, 586.42]"
1184,Trapped 3.31 p.m. 2.png,3,31,"[857.18, 79.84, 503.65, 645.09]"
1185,Trapped 8.30 a.m. 1.png,8,30,"[626.93, 100.25, 705.96, 729.95]"
1186,Tristana 3.29 p.m.png,3,29,"[319.12, 16.13, 1107.32, 1020.55]"
1187,Trouble in Paradise 5.00 p.m.png,5,0,"[411.91, 152.77, 620.16, 608.86]"
1188,Trouble in Paradise 5.12 p.m.png,5,12,"[411.96, 149.91, 621.5, 612.63]"
1189,Trouble in Paradise 8.05 p.m.png,8,5,"[95.86, 225.18, 164.91, 186.13]"
1190,Trouble in Paradise 10.46 10.47 p.m.png,10,47,"[24.43, 254.83, 324.1, 324.0]"
1191,Trouble in Paradise 10.50 p.m.png,10,50,"[411.22, 154.38, 619.36, 603.7]"
1192,Trouble in Paradise 11.00 p.m.png,11,0,"[539.65, 284.69, 373.77, 496.39]"
1193,True Lies 7.46 p.m.png,7,46,"[94.49, 0.86, 221.5, 313.91]"
1194,Twelve O'Clock High 1.10 p.m.png,1,10,"[481.67, 310.86, 357.78, 356.64]"
1195,Twelve O'Clock High 12.54 p.m.png,12,54,"[1048.24, 60.28, 317.23, 439.33]"
1196,"Twin Peaks ""Arbitrary Law"" 3.00 a.m.png",3,0,"[453.41, 80.45, 536.47, 915.93]"
1197,"Twin Peaks ""Arbitrary Law"" 3.57 a.m.png",3,57,"[1218.76, 189.53, 146.06, 158.66]"
1198,Twin Peaks Fire Walk with Me 2.30 p.m.png,2,30,"[665.24, 178.13, 613.63, 611.87]"
1199,Two Weeks Notice 1.41 a.m.png,1,41,"[1443.19, 214.56, 200.29, 208.68]"
1200,U Turn 2.00 p.m.png,2,0,"[285.79, 92.07, 1148.08, 938.31]"
1201,Umberto D. 8.33 p.m.png,8,33,"[1084.96, 843.21, 145.64, 162.94]"
1202,Un Flic 1.11 a.m.png,1,11,"[705.95, 604.19, 110.94, 123.39]"
1203,Un Flic 5.25 p.m.png,5,25,"[1440.02, 144.04, 141.98, 147.91]"
1204,Unbreakable 12.46 a.m.png,12,46,"[649.92, 220.61, 147.05, 147.87]"
1205,V for Vendetta 11.00 p.m.png,11,0,"[672.88, 171.16, 428.09, 414.04]"
1206,V for Vendetta 12.00 a.m.png,12,0,"[660.9, 193.47, 500.66, 524.27]"
1207,Vampire's Kiss 4.00 p.m. 3.png,4,0,"[1104.95, 186.99, 443.5, 415.23]"
1208,Wall Street 11.52 a.m.png,11,52,"[966.84, 388.79, 289.18, 273.55]"
1209,War of the Worlds 4.26 p.m.png,4,26,"[847.41, 285.49, 348.36, 327.56]"
1210,Watchmen 11.59 p.m. 2.png,11,59,"[784.99, 317.62, 414.68, 382.31]"
1211,What About Bob? 6.26 p.m.png,6,26,"[67.52, 67.74, 210.4, 224.85]"
1212,Where the Sidewalk Ends 4.35 p.m.png,4,35,"[710.25, 122.62, 133.23, 129.6]"
1213,Where the Sidewalk Ends 6.07 p.m.png,6,7,"[611.01, 462.01, 176.91, 172.84]"
1214,White Christmas 8.58 p.m.png,8,58,"[401.76, 49.99, 770.9, 754.59]"
1215,White Noise 6.19 p.m.png,6,19,"[156.61, 51.88, 430.11, 536.9]"
1216,White Noise 11.55 p.m.png,11,55,"[633.11, 4.66, 906.12, 798.29]"
1217,Willard 9.19 a.m.png,9,19,"[406.54, 113.14, 505.86, 507.38]"
1218,Willard 9.20 a.m.png,9,20,"[406.71, 113.66, 505.33, 506.73]"
1219,Willy Wonka & the Chocolate Factory 9.57 a.m.png,9,57,"[998.0, 475.84, 263.07, 263.37]"
1220,Willy Wonka & the Chocolate Factory 10.00 a.m.png,10,0,"[808.6, 511.67, 365.67, 369.42]"
1221,Wings of Desire 9.35 a.m.png,9,35,"[808.56, 650.89, 187.75, 158.92]"
1222,Winter Light 1.22 p.m.png,1,22,"[286.66, 65.6, 977.84, 956.38]"
1223,Woman in the Moon 2.37 a.m.png,2,37,"[188.87, 26.91, 1049.74, 1039.26]"
1224,Woman in the Moon 4.47 a.m.png,4,47,"[194.76, 41.26, 1047.33, 1023.89]"
1225,Woman in the Moon 6.07 a.m.png,6,7,"[177.94, 16.04, 1075.9, 1050.43]"
1226,Woman in the Moon 9.28 p.m.png,9,28,"[203.32, 32.58, 1015.62, 1033.76]"
1227,Woman in the Moon 9.39 p.m.png,9,39,"[196.01, 40.39, 1047.85, 1025.03]"
1228,Woman in the Moon 11.58 p.m.png,11,58,"[183.1, 33.71, 1053.14, 1032.29]"
1229,Women on the Verge of a Nervous Breakdown 8.29 a.m. 1.png,8,29,"[401.14, 3.41, 1186.97, 1001.04]"
1230,You Can Count on Me 7.51 a.m.png,7,51,"[698.94, 45.77, 237.9, 248.69]"
1231,You Can Count on Me 12.40 a.m.png,12,40,"[69.19, 398.91, 1429.78, 664.7]"
1232,You Only Live Once 7.30 p.m.png,7,30,"[412.41, 105.5, 379.61, 383.97]"
1233,You Only Live Once 7.36 p.m.png,7,36,"[424.97, 103.96, 378.3, 378.5]"
1234,You Only Live Once 10.58 p.m.png,10,58,"[74.63, 4.94, 1317.18, 1062.14]"
1235,Young Frankenstein 1.01 a.m.png,1,1,"[1402.44, 92.77, 249.2, 244.59]"
1236,Young Frankenstein 10.31 p.m.png,10,31,"[864.67, 388.23, 179.78, 167.21]"
1237,Young Frankenstein 11.59 p.m.png,11,59,"[527.49, 131.88, 867.06, 892.86]"
1238,Young Frankenstein 12.00 a.m.png,12,0,"[676.78, 213.08, 619.44, 610.08]"
1239,Youth Without Youth 3.31 a.m.png,3,31,"[548.88, 69.73, 738.41, 714.08]"
1240,Zodiac 9.38 a.m. 1.png,9,38,"[738.88, 111.19, 503.19, 449.4]"
1241,Zoolander 6.17 p.m.png,6,17,"[643.03, 19.57, 707.39, 689.78]"
1242,Zoolander 6.31 p.m.png,6,31,"[628.08, 26.67, 697.05, 679.16]"
